1,1,GPT-1,しりとり,り,りんご,4659,○,○,りんご,○,,,,30,10
1,2,GPT-1,りんご,ご,ごま,2618,○,○,ごま,○,,,,30,10
1,3,GPT-1,ごま,ま,まくら,2825,○,○,まくら,○,,,,30,10
1,4,GPT-1,まくら,ら,らっぱ,5112,○,○,らっぱ,○,,,,30,10
1,5,GPT-1,らっぱ,ぱ,パンダ,1625,○,○,ぱんだ,○,,,,30,10
1,6,GPT-1,パンダ,だ,団子,2056,○,○,だんご,○,,,,30,10
1,7,GPT-1,団子,ご,ごぼう,2951,○,○,ごぼう,○,,,,30,10
1,8,GPT-1,ごぼう,う,うさぎ,1942,○,○,うさぎ,○,,,,30,10
1,9,GPT-1,うさぎ,ぎ,銀河,2391,○,○,ぎんが,○,,,,30,10
1,10,GPT-2,銀河,が,蛾,1916,○,○,が,○,,,,30,10
1,11,GPT-2,蛾,が,ガス,1678,○,○,がす,○,,,,30,10
1,12,GPT-2,ガス,す,すいか,2698,○,○,すいか,○,,,,30,10
1,13,GPT-2,すいか,か,かき,2948,○,○,かき,○,,,,30,10
1,14,GPT-2,かき,き,きのこ,3088,○,○,きのこ,○,,,,30,10
1,15,GPT-2,きのこ,こ,こたつ,2584,○,○,こたつ,○,,,,30,10
1,16,GPT-2,こたつ,つ,つくえ,2525,○,○,つくえ,○,,,,30,10
1,17,GPT-2,つくえ,え,駅,3402,○,○,えき,○,,,,30,10
1,18,GPT-2,駅,き,きつね,2316,○,○,きつね,○,,,,30,10
1,19,GPT-2,きつね,ね,ねこ,2054,○,○,ねこ,○,,,,30,10
1,20,GPT-1,ねこ,こ,こま,2272,○,○,こま,○,,,,30,10
1,21,GPT-1,こま,ま,まめ,2218,○,○,まめ,○,,,,30,10
1,22,GPT-1,まめ,め,めだか,1855,○,○,めだか,○,,,,30,10
1,23,GPT-1,めだか,か,かえる,2554,○,○,かえる,○,,,,30,10
1,24,GPT-1,かえる,る,留守,2277,○,○,るす,○,,,,30,10
1,25,GPT-1,留守,す,すみれ,4274,○,○,すみれ,○,,,,30,10
1,26,GPT-1,すみれ,れ,れんげ,3959,○,○,れんげ,○,,,,30,10
1,27,GPT-1,れんげ,げ,下駄,1693,○,○,げた,○,,,,30,10
1,28,GPT-1,下駄,た,たぬき,1651,○,○,たぬき,○,,,,30,10
1,29,GPT-1,たぬき,き,きつつき,2384,○,○,きつつき,○,,,,30,10
1,30,GPT-2,きつつき,き,きもの,1987,○,○,きもの,○,,,,30,10
1,31,GPT-2,きもの,の,のり,1885,○,○,のり,○,,,,30,10
1,32,GPT-2,のり,り,りす,3192,○,○,りす,○,,,,30,10
1,33,GPT-2,りす,す,すずめ,3878,○,○,すずめ,○,,,,30,10
1,34,GPT-2,すずめ,め,めがね,3167,○,○,めがね,○,,,,30,10
1,35,GPT-2,めがね,ね,ねずみ,2563,○,○,ねずみ,○,,,,30,10
1,36,GPT-2,ねずみ,み,みみず,2827,○,○,みみず,○,,,,30,10
1,37,GPT-2,みみず,ず,ずこう,2660,○,○,ずこう,○,,,,30,10
1,38,GPT-2,ずこう,う,うちわ,4575,○,○,うちわ,○,,,,30,10
1,39,GPT-2,うちわ,わ,わさび,1814,○,○,わさび,○,,,,30,10
1,40,GPT-1,わさび,び,ビール,5454,○,○,びーる,○,,,,30,10
1,41,GPT-2,ビール,る,ルビー,2699,○,○,るびー,○,,,,30,10
1,42,GPT-2,ルビー,い,いちご,1947,○,○,いちご,○,,,,30,10
1,43,GPT-2,いちご,ご,合格,7865,○,○,ごうかく,○,,,,30,10
1,44,GPT-2,合格,く,くじら,2457,○,○,くじら,○,,,,30,10
1,45,GPT-2,くじら,ら,らくだ,2244,○,○,らくだ,○,,,,30,10
1,46,GPT-2,らくだ,だ,だるま,2902,○,○,だるま,○,,,,30,10
1,47,GPT-2,だるま,ま,まつり,2050,○,○,まつり,○,,,,30,10
1,48,GPT-2,まつり,り,料理,5249,○,○,りょうり,○,,,,30,10
1,49,GPT-2,料理,り,理科,3790,○,○,りか,○,,,,30,10
1,50,GPT-2,理科,か,かばん,2095,○,○,かばん,×,「ん」で終了,GPT-1,GPT-2,30,10
2,1,GPT-1,しりとり,り,りす,3056,○,○,りす,○,,,,30,10
2,2,GPT-1,りす,す,すいか,3542,○,○,すいか,○,,,,30,10
2,3,GPT-1,すいか,か,かめ,2248,○,○,かめ,○,,,,30,10
2,4,GPT-1,かめ,め,めがね,2996,○,○,めがね,○,,,,30,10
2,5,GPT-1,めがね,ね,ねじ,3397,○,○,ねじ,○,,,,30,10
2,6,GPT-1,ねじ,じ,じてんしゃ,2552,○,×,,×,辞書外,GPT-2,GPT-1,30,10
3,1,GPT-1,しりとり,り,りんご,2365,○,○,りんご,○,,,,30,10
3,2,GPT-1,りんご,ご,ごま,1634,○,○,ごま,○,,,,30,10
3,3,GPT-1,ごま,ま,まくら,3945,○,○,まくら,○,,,,30,10
3,4,GPT-1,まくら,ら,ラジオ,2783,○,○,らじお,○,,,,30,10
3,5,GPT-1,ラジオ,お,おにぎり,2023,○,○,おにぎり,○,,,,30,10
3,6,GPT-1,おにぎり,り,りす,3492,○,○,りす,○,,,,30,10
3,7,GPT-1,りす,す,スイカ,2098,○,○,すいか,○,,,,30,10
3,8,GPT-1,スイカ,か,かき,2273,○,○,かき,○,,,,30,10
3,9,GPT-1,かき,き,きつね,1725,○,○,きつね,○,,,,30,10
3,10,GPT-1,きつね,ね,ねこ,1632,○,○,ねこ,○,,,,30,10
3,11,GPT-2,ねこ,こ,コップ,1853,○,○,こっぷ,○,,,,30,10
3,12,GPT-2,コップ,ぷ,プール,2045,○,○,ぷーる,○,,,,30,10
3,13,GPT-1,プール,る,ルビー,3629,○,○,るびー,○,,,,30,10
3,14,GPT-1,ルビー,い,いす,1724,○,○,いす,○,,,,30,10
3,15,GPT-1,いす,す,すずめ,2820,○,○,すずめ,○,,,,30,10
3,16,GPT-1,すずめ,め,めだか,2131,○,○,めだか,○,,,,30,10
3,17,GPT-1,めだか,か,かさ,2686,○,○,かさ,○,,,,30,10
3,18,GPT-1,かさ,さ,さくら,2454,○,○,さくら,○,,,,30,10
3,19,GPT-1,さくら,ら,ラクダ,1758,○,○,らくだ,○,,,,30,10
3,20,GPT-1,ラクダ,だ,だるま,1436,○,○,だるま,○,,,,30,10
3,21,GPT-1,だるま,ま,まめ,2976,○,○,まめ,○,,,,30,10
3,22,GPT-1,まめ,め,めがね,1944,○,○,めがね,○,,,,30,10
3,23,GPT-2,めがね,ね,ねずみ,1846,○,○,ねずみ,○,,,,30,10
3,24,GPT-2,ねずみ,み,みそ,2788,○,○,みそ,○,,,,30,10
3,25,GPT-2,みそ,そ,ソファ,2093,○,○,そふぁー,○,,,,30,10
3,26,GPT-2,ソファ,,あさ,2793,×,○,あさ,×,語頭不一致,GPT-1,GPT-2,30,10
4,1,GPT-1,しりとり,り,りんご,3670,○,○,りんご,○,,,,30,10
4,2,GPT-1,りんご,ご,ごま,2111,○,○,ごま,○,,,,30,10
4,3,GPT-1,ごま,ま,まくら,2295,○,○,まくら,○,,,,30,10
4,4,GPT-1,まくら,ら,ラッパ,2300,○,○,らっぱ,○,,,,30,10
4,5,GPT-1,ラッパ,ぱ,パイプ,2960,○,○,ぱいぷ,○,,,,30,10
4,6,GPT-1,パイプ,ぷ,プラグ,3458,○,○,ぷらぐ,○,,,,30,10
4,7,GPT-1,プラグ,ぐ,グミ,2185,○,○,ぐみ,○,,,,30,10
4,8,GPT-1,グミ,み,水,3158,○,○,みず,○,,,,30,10
4,9,GPT-1,水,ず,頭痛,2357,○,○,ずつう,○,,,,30,10
4,10,GPT-1,頭痛,う,海,2125,○,○,うみ,○,,,,30,10
4,11,GPT-2,海,み,耳,2560,○,○,みみ,○,,,,30,10
4,12,GPT-2,耳,み,みそ,3376,○,○,みそ,○,,,,30,10
4,13,GPT-2,みそ,そ,ソース,2559,○,○,そーす,○,,,,30,10
4,14,GPT-2,ソース,す,すいか,4178,○,○,すいか,○,,,,30,10
4,15,GPT-2,すいか,か,かめ,2278,○,○,かめ,○,,,,30,10
4,16,GPT-2,かめ,め,めだか,2692,○,○,めだか,○,,,,30,10
4,17,GPT-2,めだか,か,かさ,3262,○,○,かさ,○,,,,30,10
4,18,GPT-2,かさ,さ,さくら,1756,○,○,さくら,○,,,,30,10
4,19,GPT-2,さくら,ら,ラジオ,2135,○,○,らじお,○,,,,30,10
4,20,GPT-2,ラジオ,お,おにぎり,2519,○,○,おにぎり,○,,,,30,10
4,21,GPT-1,おにぎり,り,りす,1423,○,○,りす,○,,,,30,10
4,22,GPT-1,りす,す,すずめ,2967,○,○,すずめ,○,,,,30,10
4,23,GPT-1,すずめ,め,めがね,2557,○,○,めがね,○,,,,30,10
4,24,GPT-1,めがね,ね,ねこ,2260,○,○,ねこ,○,,,,30,10
4,25,GPT-1,ねこ,こ,こま,2118,○,○,こま,○,,,,30,10
4,26,GPT-1,こま,ま,まぐろ,2254,○,○,まぐろ,○,,,,30,10
4,27,GPT-1,まぐろ,ろ,ろうそく,2200,○,○,ろうそく,○,,,,30,10
4,28,GPT-1,ろうそく,く,くじら,3031,○,○,くじら,○,,,,30,10
4,29,GPT-1,くじら,ら,らくだ,3172,○,○,らくだ,○,,,,30,10
4,30,GPT-1,らくだ,だ,だるま,1580,○,○,だるま,○,,,,30,10
4,31,GPT-2,だるま,ま,まど,5270,○,○,まど,○,,,,30,10
4,32,GPT-2,まど,ど,どんぐり,2663,○,○,どんぐり,○,,,,30,10
4,33,GPT-2,どんぐり,り,料理,2151,○,○,りょうり,○,,,,30,10
4,34,GPT-2,料理,り,理科,3621,○,○,りか,○,,,,30,10
4,35,GPT-2,理科,か,カメラ,2630,○,○,かめら,○,,,,30,10
4,36,GPT-2,カメラ,ら,ランドセル,4237,○,○,らんどせる,○,,,,30,10
4,37,GPT-2,ランドセル,る,ルビー,2558,○,○,るびー,○,,,,30,10
4,38,GPT-2,ルビー,い,いす,1906,○,○,いす,○,,,,30,10
4,39,GPT-2,いす,す,スープ,2024,○,○,すーぷ,○,,,,30,10
4,40,GPT-1,スープ,ぷ,プール,1831,○,○,ぷーる,○,,,,30,10
4,41,GPT-1,プール,る,留守,2719,○,○,るす,○,,,,30,10
4,42,GPT-1,留守,す,すみれ,2458,○,○,すみれ,○,,,,30,10
4,43,GPT-1,すみれ,れ,れんげ,2149,○,○,れんげ,○,,,,30,10
4,44,GPT-1,れんげ,げ,げた,3374,○,○,げた,○,,,,30,10
4,45,GPT-1,げた,た,たこ,2560,○,○,たこ,○,,,,30,10
4,46,GPT-1,たこ,こ,コップ,4000,○,○,こっぷ,○,,,,30,10
4,47,GPT-2,コップ,ぷ,プロペラ,3379,○,○,ぷろぺら,○,,,,30,10
4,48,GPT-2,プロペラ,ら,ラケット,2295,○,○,らけっと,○,,,,30,10
4,49,GPT-2,ラケット,と,時計,2122,○,○,とけい,○,,,,30,10
4,50,GPT-2,時計,い,いちご,1636,○,○,いちご,○,,,,30,10
4,51,GPT-2,いちご,ご,ごぼう,3485,○,○,ごぼう,○,,,,30,10
4,52,GPT-2,ごぼう,う,うさぎ,2979,○,○,うさぎ,○,,,,30,10
4,53,GPT-2,うさぎ,ぎ,ギター,2085,○,○,ぎたー,○,,,,30,10
4,54,GPT-2,ギター,あ,あひる,4552,○,○,あひる,○,,,,30,10
4,55,GPT-2,あひる,る,るり,2370,○,○,るり,○,,,,30,10
4,56,GPT-2,るり,り,陸地,3369,○,○,りくち,○,,,,30,10
4,57,GPT-1,陸地,ち,地図,2562,○,○,ちず,○,,,,30,10
4,58,GPT-1,地図,ず,図工,2246,○,○,ずこう,○,,,,30,10
4,59,GPT-1,図工,う,うちわ,2994,○,○,うちわ,○,,,,30,10
4,60,GPT-2,うちわ,わ,わに,1654,○,○,わに,○,,,,30,10
4,61,GPT-2,わに,に,にわとり,1805,○,○,にわとり,○,,,,30,10
4,62,GPT-2,にわとり,り,リコーダー,2391,○,○,,○,,,,30,10
4,63,GPT-2,リコーダー,,ダイヤ,2659,×,○,だいや,×,語頭不一致,GPT-1,GPT-2,30,10
5,1,GPT-1,しりとり,り,りんご,1303,○,○,りんご,○,,,,30,10
5,2,GPT-1,りんご,ご,ごま,2053,○,○,ごま,○,,,,30,10
5,3,GPT-1,ごま,ま,まくら,1948,○,○,まくら,○,,,,30,10
5,4,GPT-1,まくら,ら,ラッパ,1996,○,○,らっぱ,○,,,,30,10
5,5,GPT-1,ラッパ,ぱ,パンダ,1833,○,○,ぱんだ,○,,,,30,10
5,6,GPT-1,パンダ,だ,大学,2219,○,○,だいがく,○,,,,30,10
5,7,GPT-1,大学,く,くじら,2250,○,○,くじら,○,,,,30,10
5,8,GPT-1,くじら,ら,ラジオ,1476,○,○,らじお,○,,,,30,10
5,9,GPT-1,ラジオ,お,お茶,2204,○,×,,×,辞書外,GPT-2,GPT-1,30,10
6,1,GPT-1,しりとり,り,りんご,1896,○,○,りんご,○,,,,30,10
6,2,GPT-1,りんご,ご,ごま,1698,○,○,ごま,○,,,,30,10
6,3,GPT-1,ごま,ま,まくら,1942,○,○,まくら,○,,,,30,10
6,4,GPT-1,まくら,ら,ラッパ,2571,○,○,らっぱ,○,,,,30,10
6,5,GPT-2,ラッパ,ぱ,パンダ,1635,○,○,ぱんだ,○,,,,30,10
6,6,GPT-2,パンダ,だ,大福,1916,○,○,だいふく,○,,,,30,10
6,7,GPT-2,大福,く,クジラ,3977,○,○,くじら,○,,,,30,10
6,8,GPT-2,クジラ,ら,ラジオ,1602,○,○,らじお,○,,,,30,10
6,9,GPT-2,ラジオ,お,おにぎり,2667,○,○,おにぎり,○,,,,30,10
6,10,GPT-2,おにぎり,り,りす,2795,○,○,りす,○,,,,30,10
6,11,GPT-2,りす,す,スープ,3174,○,○,すーぷ,○,,,,30,10
6,12,GPT-2,スープ,ぷ,プール,1846,○,○,ぷーる,○,,,,30,10
6,13,GPT-2,プール,る,ルビー,1558,○,○,るびー,○,,,,30,10
6,14,GPT-1,ルビー,い,いす,1843,○,○,いす,○,,,,30,10
6,15,GPT-1,いす,す,すずめ,2015,○,○,すずめ,○,,,,30,10
6,16,GPT-1,すずめ,め,めだか,1547,○,○,めだか,○,,,,30,10
6,17,GPT-1,めだか,か,かるた,5633,○,○,かるた,○,,,,30,10
6,18,GPT-1,かるた,た,たこ,2909,○,○,たこ,○,,,,30,10
6,19,GPT-1,たこ,こ,こま,2253,○,○,こま,○,,,,30,10
6,20,GPT-1,こま,ま,まぐろ,2858,○,○,まぐろ,○,,,,30,10
6,21,GPT-1,まぐろ,ろ,ろうそく,1622,○,○,ろうそく,○,,,,30,10
6,22,GPT-1,ろうそく,く,くつ,2173,○,○,くつ,○,,,,30,10
6,23,GPT-1,くつ,つ,つみき,2967,○,×,,×,辞書外,GPT-2,GPT-1,30,10
7,1,GPT-1,しりとり,り,りんご,1632,○,○,りんご,○,,,,30,10
7,2,GPT-1,りんご,ご,ごま,3017,○,○,ごま,○,,,,30,10
7,3,GPT-1,ごま,ま,まくら,1718,○,○,まくら,○,,,,30,10
7,4,GPT-1,まくら,ら,らくだ,5648,○,○,らくだ,○,,,,30,10
7,5,GPT-1,らくだ,だ,だるま,1949,○,○,だるま,○,,,,30,10
7,6,GPT-1,だるま,ま,まつり,2251,○,○,まつり,○,,,,30,10
7,7,GPT-1,まつり,り,りす,2046,○,○,りす,○,,,,30,10
7,8,GPT-1,りす,す,すいか,1591,○,○,すいか,○,,,,30,10
7,9,GPT-1,すいか,か,かさ,1749,○,○,かさ,○,,,,30,10
7,10,GPT-1,かさ,さ,さくら,1871,○,○,さくら,○,,,,30,10
7,11,GPT-2,さくら,ら,らっぱ,2047,○,○,らっぱ,○,,,,30,10
7,12,GPT-2,らっぱ,ぱ,パンダ,1818,○,○,ぱんだ,○,,,,30,10
7,13,GPT-2,パンダ,だ,だんご,3192,○,○,だんご,○,,,,30,10
7,14,GPT-2,だんご,ご,ごりら,1957,○,○,ごりら,○,,,,30,10
7,15,GPT-2,ごりら,ら,ランプ,2236,○,○,らんぷ,○,,,,30,10
7,16,GPT-2,ランプ,ぷ,プール,2693,○,○,ぷーる,○,,,,30,10
7,17,GPT-1,プール,る,るり,2139,○,○,るり,○,,,,30,10
7,18,GPT-1,るり,り,料理,3578,○,○,りょうり,○,,,,30,10
7,19,GPT-1,料理,り,理科,1954,○,○,りか,○,,,,30,10
7,20,GPT-1,理科,か,かき,3288,○,○,かき,○,,,,30,10
7,21,GPT-1,かき,き,きつね,2704,○,○,きつね,○,,,,30,10
7,22,GPT-1,きつね,ね,ねこ,2075,○,○,ねこ,○,,,,30,10
7,23,GPT-1,ねこ,こ,コップ,3811,○,○,こっぷ,○,,,,30,10
7,24,GPT-1,コップ,ぷ,プラモデル,2203,○,○,ぷらもでる,○,,,,30,10
7,25,GPT-2,プラモデル,る,るす,1878,○,○,るす,○,,,,30,10
7,26,GPT-2,るす,す,すずめ,3335,○,○,すずめ,○,,,,30,10
7,27,GPT-2,すずめ,め,めだか,1985,○,○,めだか,○,,,,30,10
7,28,GPT-2,めだか,か,かもめ,4050,○,○,かもめ,○,,,,30,10
7,29,GPT-2,かもめ,め,めがね,2098,○,○,めがね,○,,,,30,10
7,30,GPT-2,めがね,ね,ねずみ,1843,○,○,ねずみ,○,,,,30,10
7,31,GPT-2,ねずみ,み,みず,3571,○,○,みず,○,,,,30,10
7,32,GPT-1,みず,ず,図工,1862,○,○,ずこう,○,,,,30,10
7,33,GPT-1,図工,う,うさぎ,1342,○,○,うさぎ,○,,,,30,10
7,34,GPT-1,うさぎ,ぎ,ぎょうざ,2815,○,○,ぎょーざ,○,,,,30,10
7,35,GPT-1,ぎょうざ,ざ,雑誌,1842,○,○,ざっし,○,,,,30,10
7,36,GPT-1,雑誌,し,しおり,3864,○,○,しおり,○,,,,30,10
7,37,GPT-1,しおり,り,立体,2834,○,○,りったい,○,,,,30,10
7,38,GPT-1,立体,い,いか,3897,○,○,いか,○,,,,30,10
7,39,GPT-1,いか,か,かい,3992,○,○,かい,○,,,,30,10
7,40,GPT-1,かい,い,いす,1895,○,○,いす,○,,,,30,10
7,41,GPT-1,いす,す,すみれ,1694,○,○,すみれ,○,,,,30,10
7,42,GPT-2,すみれ,れ,れんが,1952,○,○,れんが,○,,,,30,10
7,43,GPT-2,れんが,が,学校,1982,○,○,がっこう,○,,,,30,10
7,44,GPT-2,学校,う,うちわ,2257,○,○,うちわ,○,,,,30,10
7,45,GPT-2,うちわ,わ,わさび,2753,○,○,わさび,○,,,,30,10
7,46,GPT-2,わさび,び,びわ,3576,○,○,びわ,○,,,,30,10
7,47,GPT-2,びわ,わ,わに,3174,○,○,わに,○,,,,30,10
7,48,GPT-2,わに,に,にわ,2924,○,○,にわ,○,,,,30,10
7,49,GPT-2,にわ,わ,わかめ,2449,○,○,わかめ,○,,,,30,10
7,50,GPT-2,わかめ,め,めいし,2853,○,○,めいし,○,,,,30,10
7,51,GPT-2,めいし,し,しめじ,3254,○,○,しめじ,○,,,,30,10
7,52,GPT-1,しめじ,じ,辞書,1805,○,○,じしょ,○,,,,30,10
7,53,GPT-1,辞書,よ,よせぎ,5485,○,×,,×,辞書外,GPT-2,GPT-1,30,10
8,1,GPT-1,しりとり,り,りんご,1575,○,○,りんご,○,,,,30,10
8,2,GPT-1,りんご,ご,ごま,1942,○,○,ごま,○,,,,30,10
8,3,GPT-1,ごま,ま,まくら,1745,○,○,まくら,○,,,,30,10
8,4,GPT-1,まくら,ら,ラジオ,1741,○,○,らじお,○,,,,30,10
8,5,GPT-1,ラジオ,お,おもちゃ,5607,○,○,おもちゃ,○,,,,30,10
8,6,GPT-1,おもちゃ,や,やさい,2195,○,○,やさい,○,,,,30,10
8,7,GPT-1,やさい,い,いぬ,2458,○,○,いぬ,○,,,,30,10
8,8,GPT-1,いぬ,ぬ,ぬの,1943,○,○,ぬの,○,,,,30,10
8,9,GPT-1,ぬの,の,ノート,1744,○,○,のーと,○,,,,30,10
8,10,GPT-1,ノート,と,時計,1812,○,○,とけい,○,,,,30,10
8,11,GPT-2,時計,い,石,1667,○,○,いし,○,,,,30,10
8,12,GPT-2,石,し,しお,6029,○,○,しお,○,,,,30,10
8,13,GPT-2,しお,お,おふろ,4363,○,×,,×,辞書外,GPT-1,GPT-2,30,10
9,1,GPT-1,しりとり,り,りんご,1534,○,○,りんご,○,,,,30,10
9,2,GPT-1,りんご,ご,ごま,2009,○,○,ごま,○,,,,30,10
9,3,GPT-1,ごま,ま,まくら,2255,○,○,まくら,○,,,,30,10
9,4,GPT-1,まくら,ら,ランプ,4649,○,○,らんぷ,○,,,,30,10
9,5,GPT-1,ランプ,ぷ,プール,2300,○,○,ぷーる,○,,,,30,10
9,6,GPT-1,プール,る,ルビー,1955,○,○,るびー,○,,,,30,10
9,7,GPT-2,ルビー,い,いす,1851,○,○,いす,○,,,,30,10
9,8,GPT-2,いす,す,すいか,1586,○,○,すいか,○,,,,30,10
9,9,GPT-2,すいか,か,かさ,1919,○,○,かさ,○,,,,30,10
9,10,GPT-2,かさ,さ,さくら,1816,○,○,さくら,○,,,,30,10
9,11,GPT-2,さくら,ら,ラッパ,3016,○,○,らっぱ,○,,,,30,10
9,12,GPT-2,ラッパ,ぱ,パズル,3172,○,○,ぱずる,○,,,,30,10
9,13,GPT-2,パズル,る,留守,2561,○,○,るす,○,,,,30,10
9,14,GPT-2,留守,す,すみれ,2297,○,○,すみれ,○,,,,30,10
9,15,GPT-2,すみれ,れ,れんげ,1948,○,○,れんげ,○,,,,30,10
9,16,GPT-1,れんげ,げ,げた,2455,○,○,げた,○,,,,30,10
9,17,GPT-1,げた,た,たぬき,1820,○,○,たぬき,○,,,,30,10
9,18,GPT-1,たぬき,き,きつね,2264,○,○,きつね,○,,,,30,10
9,19,GPT-1,きつね,ね,ねこ,1301,○,○,ねこ,○,,,,30,10
9,20,GPT-1,ねこ,こ,こま,2800,○,○,こま,○,,,,30,10
9,21,GPT-1,こま,ま,まめ,3631,○,○,まめ,○,,,,30,10
9,22,GPT-2,まめ,め,めがね,1549,○,○,めがね,○,,,,30,10
9,23,GPT-2,めがね,ね,ねずみ,2724,○,○,ねずみ,○,,,,30,10
9,24,GPT-2,ねずみ,み,みず,2012,○,○,みず,○,,,,30,10
9,25,GPT-2,みず,ず,ずこう,2003,○,○,ずこう,○,,,,30,10
9,26,GPT-2,ずこう,う,うさぎ,2045,○,○,うさぎ,○,,,,30,10
9,27,GPT-2,うさぎ,ぎ,ぎんこう,2784,○,○,ぎんこう,○,,,,30,10
9,28,GPT-1,ぎんこう,う,うちわ,2032,○,○,うちわ,○,,,,30,10
9,29,GPT-1,うちわ,わ,わに,2106,○,○,わに,○,,,,30,10
9,30,GPT-1,わに,に,にじ,3814,○,○,にじ,○,,,,30,10
9,31,GPT-1,にじ,じ,じしゃく,2788,○,○,じしゃく,○,,,,30,10
9,32,GPT-1,じしゃく,く,くじら,3602,○,○,くじら,○,,,,30,10
9,33,GPT-2,くじら,ら,らくだ,2554,○,○,らくだ,○,,,,30,10
9,34,GPT-2,らくだ,だ,だるま,2212,○,○,だるま,○,,,,30,10
9,35,GPT-2,だるま,ま,まつり,1883,○,○,まつり,○,,,,30,10
9,36,GPT-2,まつり,り,りす,1668,○,○,りす,○,,,,30,10
9,37,GPT-2,りす,す,すずめ,1944,○,○,すずめ,○,,,,30,10
9,38,GPT-2,すずめ,め,めだか,1828,○,○,めだか,○,,,,30,10
9,39,GPT-2,めだか,か,かき,5202,○,○,かき,○,,,,30,10
9,40,GPT-2,かき,き,きつつき,4487,○,○,きつつき,○,,,,30,10
9,41,GPT-2,きつつき,き,きのこ,1706,○,○,きのこ,○,,,,30,10
9,42,GPT-2,きのこ,こ,コアラ,2360,○,○,こあら,○,,,,30,10
9,43,GPT-1,コアラ,ら,ラジオ,2158,○,○,らじお,○,,,,30,10
9,44,GPT-1,ラジオ,お,おかゆ,2764,○,×,,×,辞書外,GPT-2,GPT-1,30,10
10,1,GPT-1,しりとり,り,りんご,2385,○,○,りんご,○,,,,30,10
10,2,GPT-1,りんご,ご,ゴリラ,2546,○,○,ごりら,○,,,,30,10
10,3,GPT-1,ゴリラ,ら,ラッパ,2864,○,○,らっぱ,○,,,,30,10
10,4,GPT-1,ラッパ,ぱ,パセリ,2870,○,○,ぱせり,○,,,,30,10
10,5,GPT-1,パセリ,り,リス,2524,○,○,りす,○,,,,30,10
10,6,GPT-1,リス,す,スイカ,1734,○,○,すいか,○,,,,30,10
10,7,GPT-1,スイカ,か,カメラ,2269,○,○,かめら,○,,,,30,10
10,8,GPT-1,カメラ,ら,ラジオ,3103,○,○,らじお,○,,,,30,10
10,9,GPT-1,ラジオ,お,おにぎり,2759,○,○,おにぎり,○,,,,30,10
10,10,GPT-2,おにぎり,り,料理,2316,○,○,りょうり,○,,,,30,10
10,11,GPT-2,料理,り,旅行,2638,○,○,りょこう,○,,,,30,10
10,12,GPT-2,旅行,う,海,2874,○,○,うみ,○,,,,30,10
10,13,GPT-2,海,み,水,2493,○,○,みず,○,,,,30,10
10,14,GPT-2,水,ず,頭痛,2189,○,○,ずつう,○,,,,30,10
10,15,GPT-2,頭痛,う,うさぎ,3536,○,○,うさぎ,○,,,,30,10
10,16,GPT-2,うさぎ,ぎ,ギター,1899,○,○,ぎたー,○,,,,30,10
10,17,GPT-2,ギター,あ,あひる,2099,○,○,あひる,○,,,,30,10
10,18,GPT-1,あひる,る,留守,2244,○,○,るす,○,,,,30,10
10,19,GPT-1,留守,す,すずめ,2262,○,○,すずめ,○,,,,30,10
10,20,GPT-1,すずめ,め,めがね,1725,○,○,めがね,○,,,,30,10
10,21,GPT-1,めがね,ね,ねこ,2066,○,○,ねこ,○,,,,30,10
10,22,GPT-1,ねこ,こ,コアラ,2199,○,○,こあら,○,,,,30,10
10,23,GPT-1,コアラ,ら,ラクダ,2112,○,○,らくだ,○,,,,30,10
10,24,GPT-1,ラクダ,だ,大学,2529,○,○,だいがく,○,,,,30,10
10,25,GPT-1,大学,く,クジラ,2314,○,○,くじら,○,,,,30,10
10,26,GPT-1,クジラ,ら,ラッコ,2051,○,○,らっこ,○,,,,30,10
10,27,GPT-1,ラッコ,こ,こたつ,2001,○,○,こたつ,○,,,,30,10
10,28,GPT-2,こたつ,つ,つみき,1743,○,×,,×,辞書外,GPT-1,GPT-2,30,10
11,1,GPT-1,しりとり,り,りんご,1387,○,○,りんご,○,,,,30,10
11,2,GPT-1,りんご,ご,ごま,2109,○,○,ごま,○,,,,30,10
11,3,GPT-1,ごま,ま,まくら,2227,○,○,まくら,○,,,,30,10
11,4,GPT-1,まくら,ら,ラッパ,2455,○,○,らっぱ,○,,,,30,10
11,5,GPT-1,ラッパ,ぱ,パンダ,3143,○,○,ぱんだ,○,,,,30,10
11,6,GPT-1,パンダ,だ,だるま,1718,○,○,だるま,○,,,,30,10
11,7,GPT-1,だるま,ま,まぐろ,2798,○,○,まぐろ,○,,,,30,10
11,8,GPT-2,まぐろ,ろ,ろうそく,1220,○,○,ろうそく,○,,,,30,10
11,9,GPT-2,ろうそく,く,くじら,1545,○,○,くじら,○,,,,30,10
11,10,GPT-2,くじら,ら,ラケット,2969,○,○,らけっと,○,,,,30,10
11,11,GPT-2,ラケット,と,時計,2535,○,○,とけい,○,,,,30,10
11,12,GPT-2,時計,い,いす,3861,○,○,いす,○,,,,30,10
11,13,GPT-2,いす,す,すいか,2264,○,○,すいか,○,,,,30,10
11,14,GPT-2,すいか,か,カメラ,2138,○,○,かめら,○,,,,30,10
11,15,GPT-2,カメラ,ら,ラジオ,2929,○,○,らじお,○,,,,30,10
11,16,GPT-2,ラジオ,お,おにぎり,1866,○,○,おにぎり,○,,,,30,10
11,17,GPT-1,おにぎり,り,りす,2946,○,○,りす,○,,,,30,10
11,18,GPT-1,りす,す,すずめ,1945,○,○,すずめ,○,,,,30,10
11,19,GPT-1,すずめ,め,めだか,1686,○,○,めだか,○,,,,30,10
11,20,GPT-1,めだか,か,かき,1913,○,○,かき,○,,,,30,10
11,21,GPT-1,かき,き,きつね,2127,○,○,きつね,○,,,,30,10
11,22,GPT-1,きつね,ね,ねこ,1226,○,○,ねこ,○,,,,30,10
11,23,GPT-1,ねこ,こ,こたつ,3367,○,○,こたつ,○,,,,30,10
11,24,GPT-2,こたつ,つ,つみき,1390,○,×,,×,辞書外,GPT-1,GPT-2,30,10
12,1,GPT-1,しりとり,り,りんご,1534,○,○,りんご,○,,,,30,10
12,2,GPT-1,りんご,ご,ごま,1921,○,○,ごま,○,,,,30,10
12,3,GPT-1,ごま,ま,まくら,2392,○,○,まくら,○,,,,30,10
12,4,GPT-1,まくら,ら,ラッパ,2554,○,○,らっぱ,○,,,,30,10
12,5,GPT-2,ラッパ,ぱ,パンダ,1731,○,○,ぱんだ,○,,,,30,10
12,6,GPT-2,パンダ,だ,大学,1930,○,○,だいがく,○,,,,30,10
12,7,GPT-2,大学,く,くつ,3165,○,○,くつ,○,,,,30,10
12,8,GPT-2,くつ,つ,つみき,2193,○,×,,×,辞書外,GPT-1,GPT-2,30,10
13,1,GPT-1,しりとり,り,りんご,1847,○,○,りんご,○,,,,30,10
13,2,GPT-1,りんご,ご,ゴリラ,1771,○,○,ごりら,○,,,,30,10
13,3,GPT-1,ゴリラ,ら,ラッパ,2450,○,○,らっぱ,○,,,,30,10
13,4,GPT-1,ラッパ,ぱ,パンダ,1698,○,○,ぱんだ,○,,,,30,10
13,5,GPT-1,パンダ,だ,だるま,2594,○,○,だるま,○,,,,30,10
13,6,GPT-1,だるま,ま,まくら,1741,○,○,まくら,○,,,,30,10
13,7,GPT-1,まくら,ら,ラジオ,1977,○,○,らじお,○,,,,30,10
13,8,GPT-1,ラジオ,お,音符,7592,○,○,おんぷ,○,,,,30,10
13,9,GPT-1,音符,ぷ,プール,2252,○,○,ぷーる,○,,,,30,10
13,10,GPT-2,プール,る,ルビー,1342,○,○,るびー,○,,,,30,10
13,11,GPT-2,ルビー,い,いす,2106,○,○,いす,○,,,,30,10
13,12,GPT-2,いす,す,スイカ,1592,○,○,すいか,○,,,,30,10
13,13,GPT-2,スイカ,か,カメラ,2146,○,○,かめら,○,,,,30,10
13,14,GPT-2,カメラ,ら,ラクダ,3172,○,○,らくだ,○,,,,30,10
13,15,GPT-2,ラクダ,だ,ダイヤ,1640,○,○,だいや,○,,,,30,10
13,16,GPT-2,ダイヤ,や,野球,3755,○,○,やきゅう,○,,,,30,10
13,17,GPT-2,野球,う,うさぎ,4617,○,○,うさぎ,○,,,,30,10
13,18,GPT-2,うさぎ,ぎ,銀河,2122,○,○,ぎんが,○,,,,30,10
13,19,GPT-2,銀河,が,学校,1839,○,○,がっこう,○,,,,30,10
13,20,GPT-1,学校,う,うちわ,2655,○,○,うちわ,○,,,,30,10
13,21,GPT-1,うちわ,わ,わさび,1761,○,○,わさび,○,,,,30,10
13,22,GPT-2,わさび,び,ビール,1745,○,○,びーる,○,,,,30,10
13,23,GPT-2,ビール,る,ルーレット,2578,○,○,るーれっと,○,,,,30,10
13,24,GPT-2,ルーレット,と,時計,1972,○,○,とけい,○,,,,30,10
13,25,GPT-2,時計,い,イカ,2521,○,○,いか,○,,,,30,10
13,26,GPT-2,イカ,か,カラス,1828,○,○,からす,○,,,,30,10
13,27,GPT-2,カラス,す,スズメ,2304,○,○,すずめ,○,,,,30,10
13,28,GPT-2,スズメ,め,めがね,3662,○,○,めがね,○,,,,30,10
13,29,GPT-2,めがね,ね,ねこ,1862,○,○,ねこ,○,,,,30,10
13,30,GPT-2,ねこ,こ,コアラ,2578,○,○,こあら,○,,,,30,10
13,31,GPT-2,コアラ,ら,ランプ,2145,○,○,らんぷ,○,,,,30,10
13,32,GPT-1,ランプ,ぷ,プラモデル,2868,○,○,ぷらもでる,○,,,,30,10
13,33,GPT-1,プラモデル,る,留守,1808,○,○,るす,○,,,,30,10
13,34,GPT-1,留守,す,すし,3252,○,○,すし,○,,,,30,10
13,35,GPT-1,すし,し,しお,4090,○,○,しお,○,,,,30,10
13,36,GPT-1,しお,お,おにぎり,3662,○,○,おにぎり,○,,,,30,10
13,37,GPT-1,おにぎり,り,りす,2209,○,○,りす,○,,,,30,10
13,38,GPT-1,りす,す,すずり,2362,○,○,すずり,○,,,,30,10
13,39,GPT-1,すずり,り,料理,4086,○,○,りょうり,○,,,,30,10
13,40,GPT-1,料理,り,理科,4091,○,○,りか,○,,,,30,10
13,41,GPT-1,理科,か,かさ,2138,○,○,かさ,○,,,,30,10
13,42,GPT-2,かさ,さ,さくら,2456,○,○,さくら,○,,,,30,10
13,43,GPT-2,さくら,ら,ラベンダー,2548,○,○,らべんだー,○,,,,30,10
13,44,GPT-2,ラベンダー,あ,あゆ,3583,○,○,あゆ,○,,,,30,10
13,45,GPT-1,あゆ,ゆ,ゆか,2633,○,○,ゆか,○,,,,30,10
13,46,GPT-1,ゆか,か,かき,2037,○,○,かき,○,,,,30,10
13,47,GPT-1,かき,き,きつね,1851,○,○,きつね,○,,,,30,10
13,48,GPT-1,きつね,ね,ねぎ,2456,○,○,ねぎ,○,,,,30,10
13,49,GPT-1,ねぎ,ぎ,銀貨,1641,○,○,ぎんか,○,,,,30,10
13,50,GPT-1,銀貨,か,かぜ,10147,○,○,かぜ,○,,,,30,10
13,51,GPT-2,かぜ,ぜ,ゼリー,1789,○,○,ぜりー,○,,,,30,10
13,52,GPT-2,ゼリー,い,いぬ,2748,○,○,いぬ,○,,,,30,10
13,53,GPT-2,いぬ,ぬ,ぬの,2408,○,○,ぬの,○,,,,30,10
13,54,GPT-2,ぬの,の,のこぎり,1392,○,○,のこぎり,○,,,,30,10
13,55,GPT-1,のこぎり,り,陸地,3811,○,○,りくち,○,,,,30,10
13,56,GPT-1,陸地,ち,地図,3397,○,○,ちず,○,,,,30,10
13,57,GPT-2,地図,ず,図形,3686,○,○,ずけい,○,,,,30,10
13,58,GPT-2,図形,い,いちご,2328,○,○,いちご,○,,,,30,10
13,59,GPT-2,いちご,ご,ごま,2148,○,○,ごま,○,,,,30,10
13,60,GPT-1,ごま,ま,まぐろ,2626,○,○,まぐろ,○,,,,30,10
13,61,GPT-1,まぐろ,ろ,ろうそく,2424,○,○,ろうそく,○,,,,30,10
13,62,GPT-2,ろうそく,く,くつ,3457,○,○,くつ,○,,,,30,10
13,63,GPT-2,くつ,つ,つくえ,2220,○,○,つくえ,○,,,,30,10
13,64,GPT-2,つくえ,え,鉛筆,2184,○,○,えんぴつ,○,,,,30,10
13,65,GPT-2,鉛筆,つ,つみき,2534,○,×,,×,辞書外,GPT-1,GPT-2,30,10
14,1,GPT-1,しりとり,り,りんご,1893,○,○,りんご,○,,,,30,10
14,2,GPT-1,りんご,ご,ごま,1922,○,○,ごま,○,,,,30,10
14,3,GPT-1,ごま,ま,まくら,1491,○,○,まくら,○,,,,30,10
14,4,GPT-1,まくら,ら,ラッパ,2973,○,○,らっぱ,○,,,,30,10
14,5,GPT-1,ラッパ,ぱ,パンダ,1561,○,○,ぱんだ,○,,,,30,10
14,6,GPT-1,パンダ,だ,だるま,1328,○,○,だるま,○,,,,30,10
14,7,GPT-1,だるま,ま,まつり,2161,○,○,まつり,○,,,,30,10
14,8,GPT-1,まつり,り,りす,1815,○,○,りす,○,,,,30,10
14,9,GPT-1,りす,す,すいか,1619,○,○,すいか,○,,,,30,10
14,10,GPT-2,すいか,か,かき,2232,○,○,かき,○,,,,30,10
14,11,GPT-2,かき,き,きつね,2748,○,○,きつね,○,,,,30,10
14,12,GPT-2,きつね,ね,ねこ,2325,○,○,ねこ,○,,,,30,10
14,13,GPT-2,ねこ,こ,こま,2667,○,○,こま,○,,,,30,10
14,14,GPT-2,こま,ま,まぐろ,3185,○,○,まぐろ,○,,,,30,10
14,15,GPT-2,まぐろ,ろ,ロケット,2078,○,○,ろけっと,○,,,,30,10
14,16,GPT-2,ロケット,と,トマト,2144,○,○,とまと,○,,,,30,10
14,17,GPT-2,トマト,と,時計,2109,○,○,とけい,○,,,,30,10
14,18,GPT-2,時計,い,いす,1499,○,○,いす,○,,,,30,10
14,19,GPT-1,いす,す,すずめ,3603,○,○,すずめ,○,,,,30,10
14,20,GPT-1,すずめ,め,めだか,1528,○,○,めだか,○,,,,30,10
14,21,GPT-1,めだか,か,かさ,1742,○,○,かさ,○,,,,30,10
14,22,GPT-1,かさ,さ,さくら,1743,○,○,さくら,○,,,,30,10
14,23,GPT-1,さくら,ら,ランプ,3289,○,○,らんぷ,○,,,,30,10
14,24,GPT-1,ランプ,ぷ,プール,3536,○,○,ぷーる,○,,,,30,10
14,25,GPT-1,プール,る,ルビー,1911,○,○,るびー,○,,,,30,10
14,26,GPT-1,ルビー,い,いちご,4100,○,○,いちご,○,,,,30,10
14,27,GPT-1,いちご,ご,ごぼう,3177,○,○,ごぼう,○,,,,30,10
14,28,GPT-2,ごぼう,う,うさぎ,1671,○,○,うさぎ,○,,,,30,10
14,29,GPT-2,うさぎ,ぎ,銀河,2104,○,○,ぎんが,○,,,,30,10
14,30,GPT-2,銀河,が,額縁,1719,○,○,がくぶち,○,,,,30,10
14,31,GPT-2,額縁,ち,地図,1881,○,○,ちず,○,,,,30,10
14,32,GPT-2,地図,ず,図工,1896,○,○,ずこう,○,,,,30,10
14,33,GPT-2,図工,う,うちわ,3154,○,○,うちわ,○,,,,30,10
14,34,GPT-1,うちわ,わ,わに,2179,○,○,わに,○,,,,30,10
14,35,GPT-1,わに,に,にわとり,2164,○,○,にわとり,○,,,,30,10
14,36,GPT-1,にわとり,り,料理,2609,○,○,りょうり,○,,,,30,10
14,37,GPT-1,料理,り,理科,2348,○,○,りか,○,,,,30,10
14,38,GPT-1,理科,か,かめ,2308,○,○,かめ,○,,,,30,10
14,39,GPT-1,かめ,め,めがね,2468,○,○,めがね,○,,,,30,10
14,40,GPT-1,めがね,ね,ねずみ,2470,○,○,ねずみ,○,,,,30,10
14,41,GPT-1,ねずみ,み,みず,3439,○,○,みず,○,,,,30,10
14,42,GPT-2,みず,ず,ずいき,2868,○,○,ずいき,○,,,,30,10
14,43,GPT-2,ずいき,き,きのこ,4800,○,○,きのこ,○,,,,30,10
14,44,GPT-2,きのこ,こ,コップ,3860,○,○,こっぷ,○,,,,30,10
14,45,GPT-2,コップ,ぷ,プラネタリウム,3491,○,○,ぷらねたりうむ,○,,,,30,10
14,46,GPT-1,プラネタリウム,む,むし,3312,○,○,むし,○,,,,30,10
14,47,GPT-1,むし,し,しお,4500,○,○,しお,○,,,,30,10
14,48,GPT-1,しお,お,おに,3214,○,○,おに,○,,,,30,10
14,49,GPT-1,おに,に,にじ,3401,○,○,にじ,○,,,,30,10
14,50,GPT-1,にじ,じ,辞書,3280,○,○,じしょ,○,,,,30,10
14,51,GPT-1,辞書,よ,ヨット,3072,○,○,よっと,○,,,,30,10
14,52,GPT-1,ヨット,と,トンネル,2239,○,○,とんねる,○,,,,30,10
14,53,GPT-2,トンネル,る,るり,2917,○,○,るり,○,,,,30,10
14,54,GPT-2,るり,り,リズム,3459,○,○,りずむ,○,,,,30,10
14,55,GPT-2,リズム,む,むぎ,2940,○,○,むぎ,○,,,,30,10
14,56,GPT-2,むぎ,ぎ,銀貨,1830,○,○,ぎんか,○,,,,30,10
14,57,GPT-2,銀貨,か,かも,6188,○,○,かも,○,,,,30,10
14,58,GPT-2,かも,も,もも,2081,○,○,もも,○,,,,30,10
14,59,GPT-2,もも,も,もみじ,1705,○,○,もみじ,○,,,,30,10
14,60,GPT-2,もみじ,じ,磁石,20682,○,○,じしゃく,○,,,,30,10
14,61,GPT-2,磁石,く,くじら,2493,○,○,くじら,○,,,,30,10
14,62,GPT-1,くじら,ら,落花生,3022,×,×,,×,辞書外,GPT-2,GPT-1,30,10
15,1,GPT-1,しりとり,り,りんご,1648,○,○,りんご,○,,,,30,10
15,2,GPT-1,りんご,ご,ごま,1957,○,○,ごま,○,,,,30,10
15,3,GPT-1,ごま,ま,まくら,2827,○,○,まくら,○,,,,30,10
15,4,GPT-1,まくら,ら,ラッパ,6693,○,○,らっぱ,○,,,,30,10
15,5,GPT-1,ラッパ,ぱ,パセリ,2694,○,○,ぱせり,○,,,,30,10
15,6,GPT-1,パセリ,り,りす,2229,○,○,りす,○,,,,30,10
15,7,GPT-1,りす,す,スイカ,2793,○,○,すいか,○,,,,30,10
15,8,GPT-1,スイカ,か,カメラ,2190,○,○,かめら,○,,,,30,10
15,9,GPT-1,カメラ,ら,ラジオ,1975,○,○,らじお,○,,,,30,10
15,10,GPT-1,ラジオ,お,おにぎり,2932,○,○,おにぎり,○,,,,30,10
15,11,GPT-2,おにぎり,り,料理,2039,○,○,りょうり,○,,,,30,10
15,12,GPT-2,料理,り,陸地,2962,○,○,りくち,○,,,,30,10
15,13,GPT-2,陸地,ち,地図,1876,○,○,ちず,○,,,,30,10
15,14,GPT-1,地図,ず,図工,1725,○,○,ずこう,○,,,,30,10
15,15,GPT-1,図工,う,うさぎ,1942,○,○,うさぎ,○,,,,30,10
15,16,GPT-1,うさぎ,ぎ,銀河,2050,○,○,ぎんが,○,,,,30,10
15,17,GPT-1,銀河,が,学校,2253,○,○,がっこう,○,,,,30,10
15,18,GPT-1,学校,う,馬,3222,○,○,うま,○,,,,30,10
15,19,GPT-1,馬,ま,マグロ,4717,○,○,まぐろ,○,,,,30,10
15,20,GPT-1,マグロ,ろ,ロケット,2343,○,○,ろけっと,○,,,,30,10
15,21,GPT-1,ロケット,と,時計,2209,○,○,とけい,○,,,,30,10
15,22,GPT-1,時計,い,いす,1797,○,○,いす,○,,,,30,10
15,23,GPT-2,いす,す,すずめ,2208,○,○,すずめ,○,,,,30,10
15,24,GPT-2,すずめ,め,めがね,2679,○,○,めがね,○,,,,30,10
15,25,GPT-2,めがね,ね,ねこ,3630,○,○,ねこ,○,,,,30,10
15,26,GPT-2,ねこ,こ,こあら,1863,○,×,,×,辞書外,GPT-1,GPT-2,30,10
16,1,GPT-1,しりとり,り,りんご,3463,○,○,りんご,○,,,,30,10
16,2,GPT-1,りんご,ご,ごま,2222,○,○,ごま,○,,,,30,10
16,3,GPT-1,ごま,ま,まくら,1328,○,○,まくら,○,,,,30,10
16,4,GPT-1,まくら,ら,ラッパ,2243,○,○,らっぱ,○,,,,30,10
16,5,GPT-1,ラッパ,ぱ,パンダ,2067,○,○,ぱんだ,○,,,,30,10
16,6,GPT-1,パンダ,だ,台所,4290,○,○,だいどころ,○,,,,30,10
16,7,GPT-1,台所,ろ,ろうそく,2079,○,○,ろうそく,○,,,,30,10
16,8,GPT-1,ろうそく,く,くじら,1897,○,○,くじら,○,,,,30,10
16,9,GPT-1,くじら,ら,ラクダ,2138,○,○,らくだ,○,,,,30,10
16,10,GPT-1,ラクダ,だ,だるま,2489,○,○,だるま,○,,,,30,10
16,11,GPT-2,だるま,ま,まぐろ,1870,○,○,まぐろ,○,,,,30,10
16,12,GPT-2,まぐろ,ろ,ロケット,2431,○,○,ろけっと,○,,,,30,10
16,13,GPT-2,ロケット,と,トマト,4160,○,○,とまと,○,,,,30,10
16,14,GPT-2,トマト,と,時計,6490,○,○,とけい,○,,,,30,10
16,15,GPT-2,時計,い,いす,1621,○,○,いす,○,,,,30,10
16,16,GPT-2,いす,す,すいか,2321,○,○,すいか,○,,,,30,10
16,17,GPT-2,すいか,か,かき,2044,○,○,かき,○,,,,30,10
16,18,GPT-2,かき,き,きもの,2977,○,○,きもの,○,,,,30,10
16,19,GPT-1,きもの,の,のこぎり,2106,○,○,のこぎり,○,,,,30,10
16,20,GPT-1,のこぎり,り,りす,2859,○,○,りす,○,,,,30,10
16,21,GPT-1,りす,す,すずめ,2964,○,○,すずめ,○,,,,30,10
16,22,GPT-1,すずめ,め,めだか,2845,○,○,めだか,○,,,,30,10
16,23,GPT-1,めだか,か,かぼちゃ,4681,○,○,かぼちゃ,○,,,,30,10
16,24,GPT-1,かぼちゃ,や,やさい,1628,○,○,やさい,○,,,,30,10
16,25,GPT-1,やさい,い,いぬ,4765,○,○,いぬ,○,,,,30,10
16,26,GPT-2,いぬ,ぬ,ぬの,1629,○,○,ぬの,○,,,,30,10
16,27,GPT-2,ぬの,の,のり,2624,○,○,のり,○,,,,30,10
16,28,GPT-2,のり,り,りんご,2979,○,○,りんご,×,既出単語,GPT-1,GPT-2,30,10
17,1,GPT-1,しりとり,り,リス,1704,○,○,りす,○,,,,30,10
17,2,GPT-1,リス,す,スイカ,1801,○,○,すいか,○,,,,30,10
17,3,GPT-1,スイカ,か,カメラ,1583,○,○,かめら,○,,,,30,10
17,4,GPT-1,カメラ,ら,ラジオ,2294,○,○,らじお,○,,,,30,10
17,5,GPT-1,ラジオ,お,お茶,5146,○,×,,×,辞書外,GPT-2,GPT-1,30,10
18,1,GPT-1,しりとり,り,りんご,1840,○,○,りんご,○,,,,30,10
18,2,GPT-1,りんご,ご,ごま,1709,○,○,ごま,○,,,,30,10
18,3,GPT-1,ごま,ま,まくら,1652,○,○,まくら,○,,,,30,10
18,4,GPT-1,まくら,ら,ラッパ,2211,○,○,らっぱ,○,,,,30,10
18,5,GPT-1,ラッパ,ぱ,パイプ,3671,○,○,ぱいぷ,○,,,,30,10
18,6,GPT-2,パイプ,ぷ,プール,1700,○,○,ぷーる,○,,,,30,10
18,7,GPT-2,プール,る,ルビー,2056,○,○,るびー,○,,,,30,10
18,8,GPT-2,ルビー,い,いす,5132,○,○,いす,○,,,,30,10
18,9,GPT-2,いす,す,すず,4939,○,○,すず,○,,,,30,10
18,10,GPT-2,すず,ず,図形,3137,○,○,ずけい,○,,,,30,10
18,11,GPT-2,図形,い,いぬ,2729,○,○,いぬ,○,,,,30,10
18,12,GPT-1,いぬ,ぬ,ぬの,1117,○,○,ぬの,○,,,,30,10
18,13,GPT-1,ぬの,の,のり,2265,○,○,のり,○,,,,30,10
18,14,GPT-1,のり,り,りす,2403,○,○,りす,○,,,,30,10
18,15,GPT-1,りす,す,スイカ,2447,○,○,すいか,○,,,,30,10
18,16,GPT-1,スイカ,か,かさ,2448,○,○,かさ,○,,,,30,10
18,17,GPT-1,かさ,さ,さくら,2147,○,○,さくら,○,,,,30,10
18,18,GPT-1,さくら,ら,ラジオ,1809,○,○,らじお,○,,,,30,10
18,19,GPT-1,ラジオ,お,おにぎり,1709,○,○,おにぎり,○,,,,30,10
18,20,GPT-1,おにぎり,り,料理,2170,○,○,りょうり,○,,,,30,10
18,21,GPT-2,料理,り,利子,2239,○,○,りし,○,,,,30,10
18,22,GPT-2,利子,し,しお,2619,○,○,しお,○,,,,30,10
18,23,GPT-2,しお,お,おかし,2746,○,×,,×,辞書外,GPT-1,GPT-2,30,10
19,1,GPT-1,しりとり,り,りんご,1636,○,○,りんご,○,,,,30,10
19,2,GPT-1,りんご,ご,ごま,1531,○,○,ごま,○,,,,30,10
19,3,GPT-1,ごま,ま,まくら,1986,○,○,まくら,○,,,,30,10
19,4,GPT-1,まくら,ら,ラジオ,2921,○,○,らじお,○,,,,30,10
19,5,GPT-1,ラジオ,お,おかず,7501,○,○,おかず,○,,,,30,10
19,6,GPT-1,おかず,ず,図工,3647,○,○,ずこう,○,,,,30,10
19,7,GPT-1,図工,う,うさぎ,2252,○,○,うさぎ,○,,,,30,10
19,8,GPT-1,うさぎ,ぎ,疑義,8733,○,○,ぎぎ,○,,,,30,10
19,9,GPT-1,疑義,ぎ,銀河,4754,○,○,ぎんが,○,,,,30,10
19,10,GPT-1,銀河,が,学校,2217,○,○,がっこう,○,,,,30,10
19,11,GPT-2,学校,う,海,2151,○,○,うみ,○,,,,30,10
19,12,GPT-2,海,み,水,2646,○,○,みず,○,,,,30,10
19,13,GPT-2,水,ず,頭痛,2358,○,○,ずつう,○,,,,30,10
19,14,GPT-2,頭痛,う,腕時計,3137,×,×,,×,辞書外,GPT-1,GPT-2,30,10
20,1,GPT-1,しりとり,り,リス,1916,○,○,りす,○,,,,30,10
20,2,GPT-1,リス,す,スイカ,1863,○,○,すいか,○,,,,30,10
20,3,GPT-1,スイカ,か,カメラ,2446,○,○,かめら,○,,,,30,10
20,4,GPT-1,カメラ,ら,ラッパ,1867,○,○,らっぱ,○,,,,30,10
20,5,GPT-1,ラッパ,ぱ,パンダ,2213,○,○,ぱんだ,○,,,,30,10
20,6,GPT-1,パンダ,だ,台所,2331,○,○,だいどころ,○,,,,30,10
20,7,GPT-1,台所,ろ,ろうそく,1931,○,○,ろうそく,○,,,,30,10
20,8,GPT-1,ろうそく,く,くじら,2115,○,○,くじら,○,,,,30,10
20,9,GPT-1,くじら,ら,ラジオ,1859,○,○,らじお,○,,,,30,10
20,10,GPT-1,ラジオ,お,お茶,2015,○,×,,×,辞書外,GPT-2,GPT-1,30,10
21,1,GPT-1,しりとり,り,りす,2902,○,○,りす,○,,,,30,10
21,2,GPT-1,りす,す,スイカ,1578,○,○,すいか,○,,,,30,10
21,3,GPT-1,スイカ,か,カメラ,2116,○,○,かめら,○,,,,30,10
21,4,GPT-1,カメラ,ら,ラッパ,1752,○,○,らっぱ,○,,,,30,10
21,5,GPT-1,ラッパ,ぱ,パンダ,1934,○,○,ぱんだ,○,,,,30,10
21,6,GPT-2,パンダ,だ,大学,2004,○,○,だいがく,○,,,,30,10
21,7,GPT-2,大学,く,クジラ,1697,○,○,くじら,○,,,,30,10
21,8,GPT-2,クジラ,ら,ラジオ,2212,○,○,らじお,○,,,,30,10
21,9,GPT-2,ラジオ,お,おにぎり,2587,○,○,おにぎり,○,,,,30,10
21,10,GPT-2,おにぎり,り,りんご,1950,○,○,りんご,○,,,,30,10
21,11,GPT-2,りんご,ご,ごま,1594,○,○,ごま,○,,,,30,10
21,12,GPT-2,ごま,ま,まくら,1923,○,○,まくら,○,,,,30,10
21,13,GPT-2,まくら,ら,ラクダ,5034,○,○,らくだ,○,,,,30,10
21,14,GPT-2,ラクダ,だ,だるま,1949,○,○,だるま,○,,,,30,10
21,15,GPT-2,だるま,ま,まつり,2120,○,○,まつり,○,,,,30,10
21,16,GPT-1,まつり,り,理科,3139,○,○,りか,○,,,,30,10
21,17,GPT-1,理科,か,鏡,3281,○,○,かがみ,○,,,,30,10
21,18,GPT-1,鏡,み,みどり,5094,○,○,みどり,○,,,,30,10
21,19,GPT-1,みどり,り,料理,2416,○,○,りょうり,○,,,,30,10
21,20,GPT-1,料理,り,理想,4866,○,○,りそう,○,,,,30,10
21,21,GPT-1,理想,う,うさぎ,4195,○,○,うさぎ,○,,,,30,10
21,22,GPT-2,うさぎ,ぎ,銀河,2385,○,○,ぎんが,○,,,,30,10
21,23,GPT-2,銀河,が,ガス,1487,○,○,がす,○,,,,30,10
21,24,GPT-2,ガス,す,すずめ,4854,○,○,すずめ,○,,,,30,10
21,25,GPT-2,すずめ,め,めだか,1967,○,○,めだか,○,,,,30,10
21,26,GPT-2,めだか,か,鍵,5394,○,○,かぎ,○,,,,30,10
21,27,GPT-2,鍵,ぎ,ギター,3122,○,○,ぎたー,○,,,,30,10
21,28,GPT-2,ギター,あ,朝顔,3506,○,○,あさがお,○,,,,30,10
21,29,GPT-2,朝顔,お,おんぶ,7585,○,○,おんぶ,○,,,,30,10
21,30,GPT-2,おんぶ,ぶ,ぶどう,2021,○,○,ぶどう,○,,,,30,10
21,31,GPT-2,ぶどう,う,うぐいす,2039,○,○,うぐいす,○,,,,30,10
21,32,GPT-1,うぐいす,す,スリル,4082,○,○,すりる,○,,,,30,10
21,33,GPT-1,スリル,る,ルビー,1828,○,○,るびー,○,,,,30,10
21,34,GPT-1,ルビー,い,いす,2306,○,○,いす,○,,,,30,10
21,35,GPT-1,いす,す,すなば,3507,○,○,すなば,○,,,,30,10
21,36,GPT-2,すなば,ば,バケツ,2029,○,○,ばけつ,○,,,,30,10
21,37,GPT-2,バケツ,つ,つくえ,3010,○,○,つくえ,○,,,,30,10
21,38,GPT-2,つくえ,え,えんぴつ,2664,○,○,えんぴつ,○,,,,30,10
21,39,GPT-2,えんぴつ,つ,つみき,2039,○,×,,×,辞書外,GPT-1,GPT-2,30,10
22,1,GPT-1,しりとり,り,りんご,1626,○,○,りんご,○,,,,30,10
22,2,GPT-1,りんご,ご,ごま,2083,○,○,ごま,○,,,,30,10
22,3,GPT-1,ごま,ま,まくら,2845,○,○,まくら,○,,,,30,10
22,4,GPT-1,まくら,ら,ラジオ,4412,○,○,らじお,○,,,,30,10
22,5,GPT-1,ラジオ,お,おかゆ,3492,○,×,,×,辞書外,GPT-2,GPT-1,30,10
23,1,GPT-1,しりとり,り,りんご,1493,○,○,りんご,○,,,,30,10
23,2,GPT-1,りんご,ご,ごま,2293,○,○,ごま,○,,,,30,10
23,3,GPT-1,ごま,ま,まくら,1872,○,○,まくら,○,,,,30,10
23,4,GPT-1,まくら,ら,らくだ,2501,○,○,らくだ,○,,,,30,10
23,5,GPT-1,らくだ,だ,大学,2663,○,○,だいがく,○,,,,30,10
23,6,GPT-1,大学,く,くじら,2769,○,○,くじら,○,,,,30,10
23,7,GPT-1,くじら,ら,ラジオ,3965,○,○,らじお,○,,,,30,10
23,8,GPT-1,ラジオ,お,おにぎり,2353,○,○,おにぎり,○,,,,30,10
23,9,GPT-1,おにぎり,り,リス,2658,○,○,りす,○,,,,30,10
23,10,GPT-1,リス,す,すいか,1891,○,○,すいか,○,,,,30,10
23,11,GPT-2,すいか,か,かめ,1639,○,○,かめ,○,,,,30,10
23,12,GPT-2,かめ,め,めだか,2318,○,○,めだか,○,,,,30,10
23,13,GPT-2,めだか,か,かじ,6074,○,○,かじ,○,,,,30,10
23,14,GPT-2,かじ,じ,自動車,1936,×,×,,×,辞書外,GPT-1,GPT-2,30,10
24,1,GPT-1,しりとり,り,りんご,1831,○,○,りんご,○,,,,30,10
24,2,GPT-1,りんご,ご,ごま,2094,○,○,ごま,○,,,,30,10
24,3,GPT-1,ごま,ま,まくら,3452,○,○,まくら,○,,,,30,10
24,4,GPT-1,まくら,ら,ラッパ,1964,○,○,らっぱ,○,,,,30,10
24,5,GPT-1,ラッパ,ぱ,パンダ,2072,○,○,ぱんだ,○,,,,30,10
24,6,GPT-1,パンダ,だ,だるま,1524,○,○,だるま,○,,,,30,10
24,7,GPT-1,だるま,ま,まつり,4743,○,○,まつり,○,,,,30,10
24,8,GPT-1,まつり,り,リス,2287,○,○,りす,○,,,,30,10
24,9,GPT-1,リス,す,すいか,1516,○,○,すいか,○,,,,30,10
24,10,GPT-1,すいか,か,かさ,1691,○,○,かさ,○,,,,30,10
24,11,GPT-2,かさ,さ,さくら,1469,○,○,さくら,○,,,,30,10
24,12,GPT-2,さくら,ら,ラジオ,1760,○,○,らじお,○,,,,30,10
24,13,GPT-2,ラジオ,お,おにぎり,2098,○,○,おにぎり,○,,,,30,10
24,14,GPT-2,おにぎり,り,料理,3125,○,○,りょうり,○,,,,30,10
24,15,GPT-2,料理,り,理科,2855,○,○,りか,○,,,,30,10
24,16,GPT-2,理科,か,かき,2419,○,○,かき,○,,,,30,10
24,17,GPT-2,かき,き,きつね,2029,○,○,きつね,○,,,,30,10
24,18,GPT-2,きつね,ね,ねこ,1589,○,○,ねこ,○,,,,30,10
24,19,GPT-2,ねこ,こ,こま,3909,○,○,こま,○,,,,30,10
24,20,GPT-2,こま,ま,まめ,2425,○,○,まめ,○,,,,30,10
24,21,GPT-1,まめ,め,めがね,2114,○,○,めがね,○,,,,30,10
24,22,GPT-1,めがね,ね,ねずみ,1652,○,○,ねずみ,○,,,,30,10
24,23,GPT-1,ねずみ,み,みず,3141,○,○,みず,○,,,,30,10
24,24,GPT-2,みず,ず,ずこう,3994,○,○,ずこう,○,,,,30,10
24,25,GPT-2,ずこう,う,うさぎ,1689,○,○,うさぎ,○,,,,30,10
24,26,GPT-2,うさぎ,ぎ,銀河,1504,○,○,ぎんが,○,,,,30,10
24,27,GPT-2,銀河,が,学校,2776,○,○,がっこう,○,,,,30,10
24,28,GPT-1,学校,う,宇宙,5367,○,○,うちゅう,○,,,,30,10
24,29,GPT-1,宇宙,う,うちわ,1997,○,○,うちわ,○,,,,30,10
24,30,GPT-1,うちわ,わ,わさび,2137,○,○,わさび,○,,,,30,10
24,31,GPT-1,わさび,び,びわ,2196,○,○,びわ,○,,,,30,10
24,32,GPT-1,びわ,わ,わに,3050,○,○,わに,○,,,,30,10
24,33,GPT-1,わに,に,にわとり,3119,○,○,にわとり,○,,,,30,10
24,34,GPT-1,にわとり,り,力士,3402,○,○,りきし,○,,,,30,10
24,35,GPT-1,力士,し,鹿,2892,○,○,しか,○,,,,30,10
24,36,GPT-1,鹿,か,かめ,1812,○,○,かめ,○,,,,30,10
24,37,GPT-1,かめ,め,めだか,2031,○,○,めだか,○,,,,30,10
24,38,GPT-2,めだか,か,かえる,1895,○,○,かえる,○,,,,30,10
24,39,GPT-2,かえる,る,るす,2736,○,○,るす,○,,,,30,10
24,40,GPT-2,るす,す,すずめ,2080,○,○,すずめ,○,,,,30,10
24,41,GPT-2,すずめ,め,めんこ,4273,○,○,めんこ,○,,,,30,10
24,42,GPT-2,めんこ,こ,こあら,2512,○,×,,×,辞書外,GPT-1,GPT-2,30,10
25,1,GPT-1,しりとり,り,リス,1825,○,○,りす,○,,,,30,10
25,2,GPT-1,リス,す,スイカ,2416,○,○,すいか,○,,,,30,10
25,3,GPT-1,スイカ,か,カメラ,2045,○,○,かめら,○,,,,30,10
25,4,GPT-1,カメラ,ら,ラッパ,2052,○,○,らっぱ,○,,,,30,10
25,5,GPT-1,ラッパ,ぱ,パンダ,2227,○,○,ぱんだ,○,,,,30,10
25,6,GPT-1,パンダ,だ,台所,2131,○,○,だいどころ,○,,,,30,10
25,7,GPT-1,台所,ろ,ロケット,2781,○,○,ろけっと,○,,,,30,10
25,8,GPT-1,ロケット,と,時計,2061,○,○,とけい,○,,,,30,10
25,9,GPT-1,時計,い,椅子,3099,○,○,いす,○,,,,30,10
25,10,GPT-1,椅子,す,スイッチ,2398,○,○,すいっち,○,,,,30,10
25,11,GPT-2,スイッチ,ち,地図,2113,○,○,ちず,○,,,,30,10
25,12,GPT-1,地図,ず,ずんだ,2562,○,○,ずんだ,○,,,,30,10
25,13,GPT-1,ずんだ,だ,だるま,3275,○,○,だるま,○,,,,30,10
25,14,GPT-1,だるま,ま,まくら,1587,○,○,まくら,○,,,,30,10
25,15,GPT-1,まくら,ら,ラジオ,1579,○,○,らじお,○,,,,30,10
25,16,GPT-1,ラジオ,お,おにぎり,2150,○,○,おにぎり,○,,,,30,10
25,17,GPT-1,おにぎり,り,りんご,1888,○,○,りんご,○,,,,30,10
25,18,GPT-1,りんご,ご,ゴリラ,2147,○,○,ごりら,○,,,,30,10
25,19,GPT-1,ゴリラ,ら,ラッコ,1952,○,○,らっこ,○,,,,30,10
25,20,GPT-1,ラッコ,こ,コップ,1755,○,○,こっぷ,○,,,,30,10
25,21,GPT-1,コップ,ぷ,プール,2107,○,○,ぷーる,○,,,,30,10
25,22,GPT-2,プール,る,ルビー,1788,○,○,るびー,○,,,,30,10
25,23,GPT-2,ルビー,い,いちご,1766,○,○,いちご,○,,,,30,10
25,24,GPT-2,いちご,ご,ごま,2295,○,○,ごま,○,,,,30,10
25,25,GPT-2,ごま,ま,まつり,4104,○,○,まつり,○,,,,30,10
25,26,GPT-2,まつり,り,料理,4302,○,○,りょうり,○,,,,30,10
25,27,GPT-2,料理,り,理科,2215,○,○,りか,○,,,,30,10
25,28,GPT-2,理科,か,かき,3719,○,○,かき,○,,,,30,10
25,29,GPT-2,かき,き,きのこ,7144,○,○,きのこ,○,,,,30,10
25,30,GPT-2,きのこ,こ,こたつ,2601,○,○,こたつ,○,,,,30,10
25,31,GPT-2,こたつ,つ,つみき,2220,○,×,,×,辞書外,GPT-1,GPT-2,30,10
26,1,GPT-1,しりとり,り,りんご,1241,○,○,りんご,○,,,,30,10
26,2,GPT-1,りんご,ご,ごま,1954,○,○,ごま,○,,,,30,10
26,3,GPT-1,ごま,ま,まくら,1673,○,○,まくら,○,,,,30,10
26,4,GPT-1,まくら,ら,らっぱ,2742,○,○,らっぱ,○,,,,30,10
26,5,GPT-1,らっぱ,ぱ,パンダ,2283,○,○,ぱんだ,○,,,,30,10
26,6,GPT-1,パンダ,だ,大学,2151,○,○,だいがく,○,,,,30,10
26,7,GPT-1,大学,く,クジラ,1850,○,○,くじら,○,,,,30,10
26,8,GPT-1,クジラ,ら,らくだ,4974,○,○,らくだ,○,,,,30,10
26,9,GPT-1,らくだ,だ,だるま,1575,○,○,だるま,○,,,,30,10
26,10,GPT-1,だるま,ま,まつり,2129,○,○,まつり,○,,,,30,10
26,11,GPT-2,まつり,り,料理,1741,○,○,りょうり,○,,,,30,10
26,12,GPT-2,料理,り,リス,2330,○,○,りす,○,,,,30,10
26,13,GPT-2,リス,す,スイカ,1959,○,○,すいか,○,,,,30,10
26,14,GPT-2,スイカ,か,かもめ,5310,○,○,かもめ,○,,,,30,10
26,15,GPT-2,かもめ,め,めだか,3726,○,○,めだか,○,,,,30,10
26,16,GPT-2,めだか,か,かぎ,5927,○,○,かぎ,○,,,,30,10
26,17,GPT-2,かぎ,ぎ,銀河,2304,○,○,ぎんが,○,,,,30,10
26,18,GPT-2,銀河,が,額縁,2265,○,○,がくぶち,○,,,,30,10
26,19,GPT-2,額縁,ち,地図,3733,○,○,ちず,○,,,,30,10
26,20,GPT-1,地図,ず,頭蓋骨,1915,×,×,,×,辞書外,GPT-2,GPT-1,30,10
27,1,GPT-1,しりとり,り,りんご,1797,○,○,りんご,○,,,,30,10
27,2,GPT-1,りんご,ご,ごま,3459,○,○,ごま,○,,,,30,10
27,3,GPT-1,ごま,ま,まくら,2048,○,○,まくら,○,,,,30,10
27,4,GPT-1,まくら,ら,ラジオ,2595,○,○,らじお,○,,,,30,10
27,5,GPT-1,ラジオ,お,おにぎり,1609,○,○,おにぎり,○,,,,30,10
27,6,GPT-1,おにぎり,り,りす,2288,○,○,りす,○,,,,30,10
27,7,GPT-1,りす,す,すずめ,3459,○,○,すずめ,○,,,,30,10
27,8,GPT-1,すずめ,め,めだか,2439,○,○,めだか,○,,,,30,10
27,9,GPT-1,めだか,か,かたつむり,4647,○,○,かたつむり,○,,,,30,10
27,10,GPT-1,かたつむり,り,理科,3554,○,○,りか,○,,,,30,10
27,11,GPT-2,理科,か,かっぱ,5265,○,○,かっぱ,○,,,,30,10
27,12,GPT-1,かっぱ,ぱ,パンダ,1656,○,○,ぱんだ,○,,,,30,10
27,13,GPT-1,パンダ,だ,台所,2584,○,○,だいどころ,○,,,,30,10
27,14,GPT-1,台所,ろ,ろうそく,2285,○,○,ろうそく,○,,,,30,10
27,15,GPT-1,ろうそく,く,くじら,2492,○,○,くじら,○,,,,30,10
27,16,GPT-1,くじら,ら,らくだ,1868,○,○,らくだ,○,,,,30,10
27,17,GPT-1,らくだ,だ,大学,2191,○,○,だいがく,○,,,,30,10
27,18,GPT-1,大学,く,くすり,4213,○,○,くすり,○,,,,30,10
27,19,GPT-1,くすり,り,料理,3174,○,○,りょうり,○,,,,30,10
27,20,GPT-1,料理,り,旅行,4238,○,○,りょこう,○,,,,30,10
27,21,GPT-1,旅行,う,うさぎ,2013,○,○,うさぎ,○,,,,30,10
27,22,GPT-2,うさぎ,ぎ,銀河,2678,○,○,ぎんが,○,,,,30,10
27,23,GPT-2,銀河,が,学校,1847,○,○,がっこう,○,,,,30,10
27,24,GPT-2,学校,う,宇宙,3798,○,○,うちゅう,○,,,,30,10
27,25,GPT-2,宇宙,う,うぐいす,4900,○,○,うぐいす,○,,,,30,10
27,26,GPT-2,うぐいす,す,すいか,2880,○,○,すいか,○,,,,30,10
27,27,GPT-2,すいか,か,かさ,3313,○,○,かさ,○,,,,30,10
27,28,GPT-1,かさ,さ,さくら,2520,○,○,さくら,○,,,,30,10
27,29,GPT-1,さくら,ら,らっこ,3429,○,○,らっこ,○,,,,30,10
27,30,GPT-1,らっこ,こ,コアラ,6140,○,○,こあら,○,,,,30,10
27,31,GPT-1,コアラ,ら,ラッパ,2165,○,○,らっぱ,○,,,,30,10
27,32,GPT-1,ラッパ,ぱ,パイプ,5081,○,○,ぱいぷ,○,,,,30,10
27,33,GPT-1,パイプ,ぷ,プール,2488,○,○,ぷーる,○,,,,30,10
27,34,GPT-1,プール,る,るす,3009,○,○,るす,○,,,,30,10
27,35,GPT-1,るす,す,すみれ,2246,○,○,すみれ,○,,,,30,10
27,36,GPT-2,すみれ,れ,冷蔵庫,2125,×,×,,×,辞書外,GPT-1,GPT-2,30,10
28,1,GPT-1,しりとり,り,りんご,2263,○,○,りんご,○,,,,30,10
28,2,GPT-1,りんご,ご,ごま,3011,○,○,ごま,○,,,,30,10
28,3,GPT-1,ごま,ま,まくら,2773,○,○,まくら,○,,,,30,10
28,4,GPT-1,まくら,ら,ラッパ,4833,○,○,らっぱ,○,,,,30,10
28,5,GPT-2,ラッパ,ぱ,パンダ,2398,○,○,ぱんだ,○,,,,30,10
28,6,GPT-2,パンダ,だ,台所,2495,○,○,だいどころ,○,,,,30,10
28,7,GPT-2,台所,ろ,ロープ,1643,○,○,ろーぷ,○,,,,30,10
28,8,GPT-1,ロープ,ぷ,プール,1610,○,○,ぷーる,○,,,,30,10
28,9,GPT-1,プール,る,ルビー,2091,○,○,るびー,○,,,,30,10
28,10,GPT-1,ルビー,い,犬,3343,○,○,いぬ,○,,,,30,10
28,11,GPT-2,犬,ぬ,ぬいぐるみ,2282,○,○,ぬいぐるみ,○,,,,30,10
28,12,GPT-2,ぬいぐるみ,み,水,3482,○,○,みず,○,,,,30,10
28,13,GPT-1,水,ず,図工,2269,○,○,ずこう,○,,,,30,10
28,14,GPT-1,図工,う,馬,2787,○,○,うま,○,,,,30,10
28,15,GPT-1,馬,ま,まぐろ,2056,○,○,まぐろ,○,,,,30,10
28,16,GPT-1,まぐろ,ろ,ろうそく,3713,○,○,ろうそく,○,,,,30,10
28,17,GPT-1,ろうそく,く,くじら,2350,○,○,くじら,○,,,,30,10
28,18,GPT-1,くじら,ら,ラジオ,2175,○,○,らじお,○,,,,30,10
28,19,GPT-1,ラジオ,お,おにぎり,2655,○,○,おにぎり,○,,,,30,10
28,20,GPT-1,おにぎり,り,リス,2331,○,○,りす,○,,,,30,10
28,21,GPT-1,リス,す,スイカ,2531,○,○,すいか,○,,,,30,10
28,22,GPT-1,スイカ,か,カメラ,2637,○,○,かめら,○,,,,30,10
28,23,GPT-2,カメラ,ら,雷,2628,○,○,らい,○,,,,30,10
28,24,GPT-2,雷,い,石,2637,○,○,いし,○,,,,30,10
28,25,GPT-2,石,し,塩,2877,○,○,しお,○,,,,30,10
28,26,GPT-2,塩,お,お茶,4605,○,×,,×,辞書外,GPT-1,GPT-2,30,10
29,1,GPT-1,しりとり,り,利益,1755,○,○,りえき,○,,,,30,10
29,2,GPT-1,利益,き,切手,2694,○,○,きって,○,,,,30,10
29,3,GPT-1,切手,て,テープ,4335,○,○,てーぷ,○,,,,30,10
29,4,GPT-1,テープ,ぷ,プール,2344,○,○,ぷーる,○,,,,30,10
29,5,GPT-1,プール,る,ルビー,1706,○,○,るびー,○,,,,30,10
29,6,GPT-1,ルビー,い,いす,2654,○,○,いす,○,,,,30,10
29,7,GPT-1,いす,す,すずめ,2190,○,○,すずめ,○,,,,30,10
29,8,GPT-1,すずめ,め,めがね,2436,○,○,めがね,○,,,,30,10
29,9,GPT-1,めがね,ね,ねこ,2578,○,○,ねこ,○,,,,30,10
29,10,GPT-1,ねこ,こ,こま,1778,○,○,こま,○,,,,30,10
29,11,GPT-2,こま,ま,まくら,1917,○,○,まくら,○,,,,30,10
29,12,GPT-2,まくら,ら,ラッパ,2333,○,○,らっぱ,○,,,,30,10
29,13,GPT-2,ラッパ,ぱ,パンダ,1730,○,○,ぱんだ,○,,,,30,10
29,14,GPT-2,パンダ,だ,台所,2306,○,○,だいどころ,○,,,,30,10
29,15,GPT-1,台所,ろ,ろうそく,1787,○,○,ろうそく,○,,,,30,10
29,16,GPT-1,ろうそく,く,くつ,3506,○,○,くつ,○,,,,30,10
29,17,GPT-1,くつ,つ,つみき,1712,○,×,,×,辞書外,GPT-2,GPT-1,30,10
30,1,GPT-1,しりとり,り,りんご,1697,○,○,りんご,○,,,,30,10
30,2,GPT-1,りんご,ご,ごま,5280,○,○,ごま,○,,,,30,10
30,3,GPT-1,ごま,ま,まくら,3110,○,○,まくら,○,,,,30,10
30,4,GPT-1,まくら,ら,ラッパ,1813,○,○,らっぱ,○,,,,30,10
30,5,GPT-1,ラッパ,ぱ,パンダ,1844,○,○,ぱんだ,○,,,,30,10
30,6,GPT-1,パンダ,だ,だるま,5991,○,○,だるま,○,,,,30,10
30,7,GPT-1,だるま,ま,まめ,4406,○,○,まめ,○,,,,30,10
30,8,GPT-1,まめ,め,めがね,2013,○,○,めがね,○,,,,30,10
30,9,GPT-1,めがね,ね,ねこ,2348,○,○,ねこ,○,,,,30,10
30,10,GPT-1,ねこ,こ,こあら,2077,○,×,,×,辞書外,GPT-2,GPT-1,30,10
