ゲームID,ターン,プレイヤーID,前の単語,要求文字,回答,応答時間_ms,語頭判定,辞書判定,読み,判定,終了理由,勝者ID,敗者ID,プロンプトNo,最大連続回答回数
1,1,GPT-1,しりとり,り,りんご,4411,○,○,りんご,○,,,,51,1
1,2,GPT-2,りんご,ご,ゴリラ,3017,○,○,ごりら,○,,,,51,1
1,3,GPT-1,ゴリラ,ら,ラッパ,2724,○,○,らっぱ,○,,,,51,1
1,4,GPT-2,ラッパ,ぱ,パンダ,2394,○,○,ぱんだ,○,,,,51,1
1,5,GPT-1,パンダ,だ,大地,2054,○,○,だいち,○,,,,51,1
1,6,GPT-2,大地,ち,地図,1937,○,○,ちず,○,,,,51,1
1,7,GPT-1,地図,ず,髄液,2752,○,○,ずいえき,○,,,,51,1
1,8,GPT-2,髄液,き,キツネ,2366,○,○,きつね,○,,,,51,1
1,9,GPT-1,キツネ,ね,ねぎ,6504,○,○,ねぎ,○,,,,51,1
1,10,GPT-2,ねぎ,ぎ,議題,1646,○,○,ぎだい,○,,,,51,1
1,11,GPT-1,議題,い,犬,4411,○,○,いぬ,○,,,,51,1
1,12,GPT-2,犬,ぬ,沼,1416,○,○,ぬま,○,,,,51,1
1,13,GPT-1,沼,ま,マッチ,4709,○,○,まっち,○,,,,51,1
1,14,GPT-2,マッチ,ち,地球,2619,○,○,ちきゅう,○,,,,51,1
1,15,GPT-1,地球,う,海,1822,○,○,うみ,○,,,,51,1
1,16,GPT-2,海,み,水,1748,○,○,みず,○,,,,51,1
1,17,GPT-1,水,ず,頭蓋,2099,○,○,ずがい,○,,,,51,1
1,18,GPT-2,頭蓋,い,椅子,3738,○,○,いす,○,,,,51,1
1,19,GPT-1,椅子,す,スープ,5460,○,○,すーぷ,○,,,,51,1
1,20,GPT-2,スープ,ぷ,プール,1919,○,○,ぷーる,○,,,,51,1
1,21,GPT-1,プール,る,ルール,3283,○,○,るーる,○,,,,51,1
1,22,GPT-2,ルール,る,瑠璃,1932,○,○,るり,○,,,,51,1
1,23,GPT-1,瑠璃,り,料理,1763,○,○,りょうり,○,,,,51,1
1,24,GPT-2,料理,り,リス,2289,○,○,りす,○,,,,51,1
1,25,GPT-1,リス,す,スイカ,1878,○,○,すいか,○,,,,51,1
1,26,GPT-2,スイカ,か,鍵,8181,○,○,かぎ,○,,,,51,1
1,27,GPT-1,鍵,ぎ,議事,2358,○,○,ぎじ,○,,,,51,1
1,28,GPT-2,議事,じ,辞書,2228,○,○,じしょ,○,,,,51,1
1,29,GPT-1,辞書,よ,ヨット,3003,○,○,よっと,○,,,,51,1
1,30,GPT-2,ヨット,と,時計,2197,○,○,とけい,○,,,,51,1
1,31,GPT-1,時計,い,石,1438,○,○,いし,○,,,,51,1
1,32,GPT-2,石,し,詩,5399,○,○,し,○,,,,51,1
1,33,GPT-1,詩,し,塩,3044,○,○,しお,○,,,,51,1
1,34,GPT-2,塩,お,おにぎり,2893,○,○,おにぎり,○,,,,51,1
1,35,GPT-1,おにぎり,り,理科,2177,○,○,りか,○,,,,51,1
1,36,GPT-2,理科,か,傘,2714,○,○,かさ,○,,,,51,1
1,37,GPT-1,傘,さ,桜,6427,○,○,さくら,○,,,,51,1
1,38,GPT-2,桜,ら,ラジオ,1815,○,○,らじお,○,,,,51,1
1,39,GPT-1,ラジオ,お,音楽,2929,○,○,おんがく,○,,,,51,1
1,40,GPT-2,音楽,く,薬,4200,○,○,くすり,○,,,,51,1
1,41,GPT-1,薬,り,陸地,5272,○,○,りくち,○,,,,51,1
1,42,GPT-2,陸地,ち,チーズ,4062,○,○,ちーず,○,,,,51,1
1,43,GPT-1,チーズ,ず,図形,3732,○,○,ずけい,○,,,,51,1
1,44,GPT-2,図形,い,胃,5970,○,○,い,○,,,,51,1
1,45,GPT-1,胃,い,糸,1863,○,○,いと,○,,,,51,1
1,46,GPT-2,糸,と,トマト,8452,○,○,とまと,○,,,,51,1
1,47,GPT-1,トマト,と,豆腐,4584,○,○,とうふ,○,,,,51,1
1,48,GPT-2,豆腐,ふ,筆,2594,○,○,ふで,○,,,,51,1
1,49,GPT-1,筆,で,電車,2053,○,○,でんしゃ,○,,,,51,1
1,50,GPT-2,電車,や,やぶ,3560,○,○,やぶ,○,,,,51,1
1,51,GPT-1,やぶ,ぶ,豚,2097,○,○,ぶた,○,,,,51,1
1,52,GPT-2,豚,た,竹,3492,○,○,たけ,○,,,,51,1
1,53,GPT-1,竹,け,景色,2220,○,○,けしき,○,,,,51,1
1,54,GPT-2,景色,き,きのこ,2261,○,○,きのこ,○,,,,51,1
1,55,GPT-1,きのこ,こ,こたつ,5510,○,○,こたつ,○,,,,51,1
1,56,GPT-2,こたつ,つ,積木,2054,○,○,つみき,○,,,,51,1
1,57,GPT-1,積木,き,汽車,2462,○,○,きしゃ,○,,,,51,1
1,58,GPT-2,汽車,や,山,3305,○,○,やま,○,,,,51,1
1,59,GPT-1,山,ま,松,4465,○,○,まっ,○,,,,51,1
1,60,GPT-2,松,つ,机,1844,○,○,つくえ,○,,,,51,1
1,61,GPT-1,机,え,鉛筆,1989,○,○,えんぴつ,○,,,,51,1
1,62,GPT-2,鉛筆,つ,椿,4884,○,○,つばき,○,,,,51,1
1,63,GPT-1,椿,き,きじ,8363,○,○,きじ,○,,,,51,1
1,64,GPT-2,きじ,じ,地蔵,11054,○,○,じぞう,○,,,,51,1
1,65,GPT-1,地蔵,う,うぐいす,5669,○,○,うぐいす,○,,,,51,1
1,66,GPT-2,うぐいす,す,スズメ,2595,○,○,すずめ,○,,,,51,1
1,67,GPT-1,スズメ,め,眼鏡,2620,○,○,めがね,○,,,,51,1
1,68,GPT-2,眼鏡,ね,猫,2029,○,○,ねこ,○,,,,51,1
1,69,GPT-1,猫,こ,コイル,8559,○,○,こいる,○,,,,51,1
1,70,GPT-2,コイル,る,ルビー,2560,○,○,るびー,○,,,,51,1
1,71,GPT-1,ルビー,い,イルカ,1891,○,○,いるか,○,,,,51,1
1,72,GPT-2,イルカ,か,カメラ,2501,○,○,かめら,○,,,,51,1
1,73,GPT-1,カメラ,ら,ラッコ,2248,○,○,らっこ,○,,,,51,1
1,74,GPT-2,ラッコ,こ,コップ,2554,○,○,こっぷ,○,,,,51,1
1,75,GPT-1,コップ,ぷ,プラグ,4073,○,○,ぷらぐ,○,,,,51,1
1,76,GPT-2,プラグ,ぐ,具材,4141,○,○,ぐざい,○,,,,51,1
1,77,GPT-1,具材,い,稲,4208,○,○,いね,○,,,,51,1
1,78,GPT-2,稲,ね,寝室,2978,×,○,,×,語頭不一致,GPT-1,GPT-2,51,1
2,1,GPT-1,しりとり,り,りんご,1946,○,○,りんご,○,,,,51,1
2,2,GPT-2,りんご,ご,ゴリラ,2007,○,○,ごりら,○,,,,51,1
2,3,GPT-1,ゴリラ,ら,ラッパ,1608,○,○,らっぱ,○,,,,51,1
2,4,GPT-2,ラッパ,ぱ,パンダ,2076,○,○,ぱんだ,○,,,,51,1
2,5,GPT-1,パンダ,だ,大学,1790,○,○,だいがく,○,,,,51,1
2,6,GPT-2,大学,く,雲,2471,○,○,くも,○,,,,51,1
2,7,GPT-1,雲,も,モグラ,2840,○,○,もぐら,○,,,,51,1
2,8,GPT-2,モグラ,ら,ラジオ,2387,○,○,らじお,○,,,,51,1
2,9,GPT-1,ラジオ,お,おにぎり,2851,○,○,おにぎり,○,,,,51,1
2,10,GPT-2,おにぎり,り,リス,3694,○,○,りす,○,,,,51,1
2,11,GPT-1,リス,す,スープ,2950,○,○,すーぷ,○,,,,51,1
2,12,GPT-2,スープ,ぷ,プール,1955,○,○,ぷーる,○,,,,51,1
2,13,GPT-1,プール,る,ルビー,2285,○,○,るびー,○,,,,51,1
2,14,GPT-2,ルビー,い,椅子,2362,○,○,いす,○,,,,51,1
2,15,GPT-1,椅子,す,スイカ,1780,○,○,すいか,○,,,,51,1
2,16,GPT-2,スイカ,か,かき,4971,○,○,かき,○,,,,51,1
2,17,GPT-1,かき,き,きつね,1943,○,○,きつね,○,,,,51,1
2,18,GPT-2,きつね,ね,猫,1636,○,○,ねこ,○,,,,51,1
2,19,GPT-1,猫,こ,コップ,4449,○,○,こっぷ,○,,,,51,1
2,20,GPT-2,コップ,ぷ,プラモデル,2586,○,○,ぷらもでる,○,,,,51,1
2,21,GPT-1,プラモデル,る,留守,2977,○,○,るす,○,,,,51,1
2,22,GPT-2,留守,す,すずめ,3456,○,○,すずめ,○,,,,51,1
2,23,GPT-1,すずめ,め,めだか,2517,○,○,めだか,○,,,,51,1
2,24,GPT-2,めだか,か,カメラ,6400,○,○,かめら,○,,,,51,1
2,25,GPT-1,カメラ,ら,ラッコ,6124,○,○,らっこ,○,,,,51,1
2,26,GPT-2,ラッコ,こ,コアラ,2779,○,○,こあら,○,,,,51,1
2,27,GPT-1,コアラ,ら,ラケット,2610,○,○,らけっと,○,,,,51,1
2,28,GPT-2,ラケット,と,トマト,2165,○,○,とまと,○,,,,51,1
2,29,GPT-1,トマト,と,時計,1474,○,○,とけい,○,,,,51,1
2,30,GPT-2,時計,い,いちご,5949,○,○,いちご,○,,,,51,1
2,31,GPT-1,いちご,ご,ゴマ,1934,○,○,ごま,○,,,,51,1
2,32,GPT-2,ゴマ,ま,まくら,1997,○,○,まくら,○,,,,51,1
2,33,GPT-1,まくら,ら,ラクダ,3084,○,○,らくだ,○,,,,51,1
2,34,GPT-2,ラクダ,だ,団子,2333,○,○,だんご,○,,,,51,1
2,35,GPT-1,団子,ご,ゴール,5292,○,○,ごーる,○,,,,51,1
2,36,GPT-2,ゴール,る,ルーム,2709,○,○,るーむ,○,,,,51,1
2,37,GPT-1,ルーム,む,麦,4444,○,○,むぎ,○,,,,51,1
2,38,GPT-2,麦,ぎ,義理,2496,○,○,ぎり,○,,,,51,1
2,39,GPT-1,義理,り,理科,2806,○,○,りか,○,,,,51,1
2,40,GPT-2,理科,か,かぶと,2377,○,○,かぶと,○,,,,51,1
2,41,GPT-1,かぶと,と,トカゲ,1841,○,○,とかげ,○,,,,51,1
2,42,GPT-2,トカゲ,げ,下駄,3737,○,○,げた,○,,,,51,1
2,43,GPT-1,下駄,た,たわし,4780,○,○,たわし,○,,,,51,1
2,44,GPT-2,たわし,し,椎茸,6005,○,○,しいたけ,○,,,,51,1
2,45,GPT-1,椎茸,け,ケーキ,2800,○,○,けーき,○,,,,51,1
2,46,GPT-2,ケーキ,き,キウイ,1727,○,○,きうい,○,,,,51,1
2,47,GPT-1,キウイ,い,イカ,3095,○,○,いか,○,,,,51,1
2,48,GPT-2,イカ,か,かさ,3148,○,○,かさ,○,,,,51,1
2,49,GPT-1,かさ,さ,桜,1451,○,○,さくら,○,,,,51,1
2,50,GPT-2,桜,ら,ラベル,2617,○,○,らべる,○,,,,51,1
2,51,GPT-1,ラベル,る,ルアー,3582,○,○,るあー,○,,,,51,1
2,52,GPT-2,ルアー,あ,あんず,5134,○,○,あんず,○,,,,51,1
2,53,GPT-1,あんず,ず,図形,2518,○,○,ずけい,○,,,,51,1
2,54,GPT-2,図形,い,石,3354,○,○,いし,○,,,,51,1
2,55,GPT-1,石,し,鹿,4062,○,○,しか,○,,,,51,1
2,56,GPT-2,鹿,か,風,10503,○,○,かぜ,○,,,,51,1
2,57,GPT-1,風,ぜ,ゼリー,1595,○,○,ぜりー,○,,,,51,1
2,58,GPT-2,ゼリー,い,犬,1904,○,○,いぬ,○,,,,51,1
2,59,GPT-1,犬,ぬ,布,2142,○,○,ぬの,○,,,,51,1
2,60,GPT-2,布,の,ノート,1592,○,○,のーと,○,,,,51,1
2,61,GPT-1,ノート,と,鳥,1985,○,○,とり,○,,,,51,1
2,62,GPT-2,鳥,り,料理,1627,○,○,りょうり,○,,,,51,1
2,63,GPT-1,料理,り,陸,5988,○,○,りく,○,,,,51,1
2,64,GPT-2,陸,く,クジラ,2052,○,○,くじら,○,,,,51,1
2,65,GPT-1,クジラ,ら,雷,2249,○,○,らい,○,,,,51,1
2,66,GPT-2,雷,い,イルカ,2081,○,○,いるか,○,,,,51,1
2,67,GPT-1,イルカ,か,かゆ,8232,○,○,かゆ,○,,,,51,1
2,68,GPT-2,かゆ,ゆ,湯気,6697,○,○,ゆげ,○,,,,51,1
2,69,GPT-1,湯気,げ,芸術,3517,○,○,げいじゅつ,○,,,,51,1
2,70,GPT-2,芸術,つ,机,1640,○,○,つくえ,○,,,,51,1
2,71,GPT-1,机,え,鉛筆,1843,○,○,えんぴつ,○,,,,51,1
2,72,GPT-2,鉛筆,つ,月,3250,○,○,つき,○,,,,51,1
2,73,GPT-1,月,き,きのこ,2202,○,○,きのこ,○,,,,51,1
2,74,GPT-2,きのこ,こ,こたつ,1861,○,○,こたつ,○,,,,51,1
2,75,GPT-1,こたつ,つ,椿,2312,○,○,つばき,○,,,,51,1
2,76,GPT-2,椿,き,きゅうり,2398,○,○,きゅうり,○,,,,51,1
2,77,GPT-1,きゅうり,り,利息,4248,○,○,りそく,○,,,,51,1
2,78,GPT-2,利息,く,釘,6054,○,○,くぎ,○,,,,51,1
2,79,GPT-1,釘,ぎ,疑義,4763,○,○,ぎぎ,○,,,,51,1
2,80,GPT-2,疑義,ぎ,銀河,1910,○,○,ぎんが,○,,,,51,1
2,81,GPT-1,銀河,が,ガム,1838,○,○,がむ,○,,,,51,1
2,82,GPT-2,ガム,む,虫,7223,○,○,むし,○,,,,51,1
2,83,GPT-1,虫,し,獅子,2119,○,○,しし,○,,,,51,1
2,84,GPT-2,獅子,し,島,2054,○,○,しま,○,,,,51,1
2,85,GPT-1,島,ま,マグロ,3142,○,○,まぐろ,○,,,,51,1
2,86,GPT-2,マグロ,ろ,ろうそく,1978,○,○,ろうそく,○,,,,51,1
2,87,GPT-1,ろうそく,く,靴,5543,○,○,くつ,○,,,,51,1
2,88,GPT-2,靴,つ,つくし,6013,○,○,つくし,○,,,,51,1
2,89,GPT-1,つくし,し,しめじ,6351,○,○,しめじ,○,,,,51,1
2,90,GPT-2,しめじ,じ,辞書,1490,○,○,じしょ,○,,,,51,1
2,91,GPT-1,辞書,よ,ヨット,1547,○,○,よっと,○,,,,51,1
2,92,GPT-2,ヨット,と,トンボ,1739,○,○,とんぼ,○,,,,51,1
2,93,GPT-1,トンボ,ぼ,帽子,6028,○,○,ぼうし,○,,,,51,1
2,94,GPT-2,帽子,し,塩,2938,○,○,しお,○,,,,51,1
2,95,GPT-1,塩,お,おがくず,6441,○,○,おがくず,○,,,,51,1
2,96,GPT-2,おがくず,ず,図工,2538,○,○,ずこう,○,,,,51,1
2,97,GPT-1,図工,う,うなぎ,6538,○,○,うなぎ,○,,,,51,1
2,98,GPT-2,うなぎ,ぎ,餃子,2431,○,○,ぎょーざ,○,,,,51,1
2,99,GPT-1,餃子,ざ,雑誌,2221,○,○,ざっし,○,,,,51,1
2,100,GPT-2,雑誌,し,しおり,6934,○,○,しおり,○,,,,51,1
2,101,GPT-1,しおり,り,リュック,3042,○,○,りゅっく,○,,,,51,1
2,102,GPT-2,リュック,く,鍬,4961,○,○,くわ,○,,,,51,1
2,103,GPT-1,鍬,わ,わさび,1983,○,○,わさび,○,,,,51,1
2,104,GPT-2,わさび,び,びわ,2822,○,○,びわ,○,,,,51,1
2,105,GPT-1,びわ,わ,わに,1644,○,○,わに,○,,,,51,1
2,106,GPT-2,わに,に,肉,4111,○,○,にく,○,,,,51,1
2,107,GPT-1,肉,く,くり,7153,○,○,くり,○,,,,51,1
2,108,GPT-2,くり,り,リール,4279,○,○,りーる,○,,,,51,1
2,109,GPT-1,リール,る,瑠璃,2251,○,○,るり,○,,,,51,1
2,110,GPT-2,瑠璃,り,リコーダー,2555,○,○,,○,,,,51,1
2,111,GPT-1,リコーダー,,アイス,4264,×,○,あいす,×,語頭不一致,GPT-2,GPT-1,51,1
3,1,GPT-1,しりとり,り,りんご,4247,○,○,りんご,○,,,,51,1
3,2,GPT-2,りんご,ご,ごま,1866,○,○,ごま,○,,,,51,1
3,3,GPT-1,ごま,ま,マグロ,1474,○,○,まぐろ,○,,,,51,1
3,4,GPT-2,マグロ,ろ,ろうそく,1573,○,○,ろうそく,○,,,,51,1
3,5,GPT-1,ろうそく,く,クイズ,4824,○,○,くいず,○,,,,51,1
3,6,GPT-2,クイズ,ず,図工,1610,○,○,ずこう,○,,,,51,1
3,7,GPT-1,図工,う,うさぎ,2551,○,○,うさぎ,○,,,,51,1
3,8,GPT-2,うさぎ,ぎ,銀河,2161,○,○,ぎんが,○,,,,51,1
3,9,GPT-1,銀河,が,蛾,2175,○,○,が,○,,,,51,1
3,10,GPT-2,蛾,が,骸骨,4275,○,○,がいこつ,○,,,,51,1
3,11,GPT-1,骸骨,つ,つみき,3133,○,×,,×,辞書外,GPT-2,GPT-1,51,1
4,1,GPT-1,しりとり,り,りんご,2160,○,○,りんご,○,,,,51,1
4,2,GPT-2,りんご,ご,ゴリラ,2030,○,○,ごりら,○,,,,51,1
4,3,GPT-1,ゴリラ,ら,ラジオ,1913,○,○,らじお,○,,,,51,1
4,4,GPT-2,ラジオ,お,おにぎり,1584,○,○,おにぎり,○,,,,51,1
4,5,GPT-1,おにぎり,り,りす,1814,○,○,りす,○,,,,51,1
4,6,GPT-2,りす,す,スイカ,2102,○,○,すいか,○,,,,51,1
4,7,GPT-1,スイカ,か,カメラ,1815,○,○,かめら,○,,,,51,1
4,8,GPT-2,カメラ,ら,ラッパ,1652,○,○,らっぱ,○,,,,51,1
4,9,GPT-1,ラッパ,ぱ,パンダ,3490,○,○,ぱんだ,○,,,,51,1
4,10,GPT-2,パンダ,だ,だるま,2197,○,○,だるま,○,,,,51,1
4,11,GPT-1,だるま,ま,まくら,1855,○,○,まくら,○,,,,51,1
4,12,GPT-2,まくら,ら,ラクダ,2452,○,○,らくだ,○,,,,51,1
4,13,GPT-1,ラクダ,だ,団子,1981,○,○,だんご,○,,,,51,1
4,14,GPT-2,団子,ご,ごま,1685,○,○,ごま,○,,,,51,1
4,15,GPT-1,ごま,ま,マグロ,2524,○,○,まぐろ,○,,,,51,1
4,16,GPT-2,マグロ,ろ,ろうそく,1641,○,○,ろうそく,○,,,,51,1
4,17,GPT-1,ろうそく,く,くも,2400,○,○,くも,○,,,,51,1
4,18,GPT-2,くも,も,もみじ,1688,○,○,もみじ,○,,,,51,1
4,19,GPT-1,もみじ,じ,辞書,2136,○,○,じしょ,○,,,,51,1
4,20,GPT-2,辞書,よ,ヨット,2330,○,○,よっと,○,,,,51,1
4,21,GPT-1,ヨット,と,時計,1689,○,○,とけい,○,,,,51,1
4,22,GPT-2,時計,い,いす,2550,○,○,いす,○,,,,51,1
4,23,GPT-1,いす,す,すずめ,2093,○,○,すずめ,○,,,,51,1
4,24,GPT-2,すずめ,め,めがね,2682,○,○,めがね,○,,,,51,1
4,25,GPT-1,めがね,ね,ねこ,1925,○,○,ねこ,○,,,,51,1
4,26,GPT-2,ねこ,こ,コアラ,3258,○,○,こあら,○,,,,51,1
4,27,GPT-1,コアラ,ら,ランプ,2302,○,○,らんぷ,○,,,,51,1
4,28,GPT-2,ランプ,ぷ,プール,1697,○,○,ぷーる,○,,,,51,1
4,29,GPT-1,プール,る,ルビー,1955,○,○,るびー,○,,,,51,1
4,30,GPT-2,ルビー,い,いぬ,6500,○,○,いぬ,○,,,,51,1
4,31,GPT-1,いぬ,ぬ,ぬいぐるみ,1921,○,○,ぬいぐるみ,○,,,,51,1
4,32,GPT-2,ぬいぐるみ,み,みそ,3069,○,○,みそ,○,,,,51,1
4,33,GPT-1,みそ,そ,ソファ,1826,○,○,そふぁー,○,,,,51,1
4,34,GPT-2,ソファ,,朝,15505,×,○,あさ,×,語頭不一致,GPT-1,GPT-2,51,1
5,1,GPT-1,しりとり,り,リス,1976,○,○,りす,○,,,,51,1
5,2,GPT-2,リス,す,スイカ,2211,○,○,すいか,○,,,,51,1
5,3,GPT-1,スイカ,か,カメラ,1784,○,○,かめら,○,,,,51,1
5,4,GPT-2,カメラ,ら,ラッパ,1807,○,○,らっぱ,○,,,,51,1
5,5,GPT-1,ラッパ,ぱ,パンダ,1795,○,○,ぱんだ,○,,,,51,1
5,6,GPT-2,パンダ,だ,大地,2106,○,○,だいち,○,,,,51,1
5,7,GPT-1,大地,ち,地図,2239,○,○,ちず,○,,,,51,1
5,8,GPT-2,地図,ず,ズッキーニ,2705,○,○,ずっきーに,○,,,,51,1
5,9,GPT-1,ズッキーニ,に,庭,2687,○,○,にわ,○,,,,51,1
5,10,GPT-2,庭,わ,ワニ,2234,○,○,わに,○,,,,51,1
5,11,GPT-1,ワニ,に,虹,1679,○,○,にじ,○,,,,51,1
5,12,GPT-2,虹,じ,磁石,1876,○,○,じしゃく,○,,,,51,1
5,13,GPT-1,磁石,く,クジラ,1348,○,○,くじら,○,,,,51,1
5,14,GPT-2,クジラ,ら,ラクダ,1593,○,○,らくだ,○,,,,51,1
5,15,GPT-1,ラクダ,だ,だるま,2082,○,○,だるま,○,,,,51,1
5,16,GPT-2,だるま,ま,まくら,1677,○,○,まくら,○,,,,51,1
5,17,GPT-1,まくら,ら,ラジオ,1870,○,○,らじお,○,,,,51,1
5,18,GPT-2,ラジオ,お,おもちゃ,2617,○,○,おもちゃ,○,,,,51,1
5,19,GPT-1,おもちゃ,や,藪,6562,○,○,やぶ,○,,,,51,1
5,20,GPT-2,藪,ぶ,豚,2609,○,○,ぶた,○,,,,51,1
5,21,GPT-1,豚,た,タヌキ,2012,○,○,たぬき,○,,,,51,1
5,22,GPT-2,タヌキ,き,きつね,2619,○,○,きつね,○,,,,51,1
5,23,GPT-1,きつね,ね,ねこ,1598,○,○,ねこ,○,,,,51,1
5,24,GPT-2,ねこ,こ,コイル,4931,○,○,こいる,○,,,,51,1
5,25,GPT-1,コイル,る,留守,1831,○,○,るす,○,,,,51,1
5,26,GPT-2,留守,す,鈴,3987,○,○,すず,○,,,,51,1
5,27,GPT-1,鈴,ず,ずんだ,1945,○,○,ずんだ,○,,,,51,1
5,28,GPT-2,ずんだ,だ,団子,1773,○,○,だんご,○,,,,51,1
5,29,GPT-1,団子,ご,ごぼう,4252,○,○,ごぼう,○,,,,51,1
5,30,GPT-2,ごぼう,う,うさぎ,1891,○,○,うさぎ,○,,,,51,1
5,31,GPT-1,うさぎ,ぎ,銀河,1721,○,○,ぎんが,○,,,,51,1
5,32,GPT-2,銀河,が,額,4093,○,○,がく,○,,,,51,1
5,33,GPT-1,額,く,車,2751,○,○,くるま,○,,,,51,1
5,34,GPT-2,車,ま,眉,5385,○,○,まみ,○,,,,51,1
5,35,GPT-1,眉,み,ミミズ,5316,○,○,みみず,○,,,,51,1
5,36,GPT-2,ミミズ,ず,図工,2403,○,○,ずこう,○,,,,51,1
5,37,GPT-1,図工,う,腕,6205,○,○,うで,○,,,,51,1
5,38,GPT-2,腕,で,電車,1766,○,○,でんしゃ,○,,,,51,1
5,39,GPT-1,電車,や,野球,8790,○,○,やきゅう,○,,,,51,1
5,40,GPT-2,野球,う,鶯,2272,○,○,うぐいす,○,,,,51,1
5,41,GPT-1,鶯,す,スズメ,2468,○,○,すずめ,○,,,,51,1
5,42,GPT-2,スズメ,め,めかぶ,10942,○,○,めかぶ,○,,,,51,1
5,43,GPT-1,めかぶ,ぶ,ぶどう,4844,○,○,ぶどう,○,,,,51,1
5,44,GPT-2,ぶどう,う,海,2032,○,○,うみ,○,,,,51,1
5,45,GPT-1,海,み,水,5547,○,○,みず,○,,,,51,1
5,46,GPT-2,水,ず,図形,2927,○,○,ずけい,○,,,,51,1
5,47,GPT-1,図形,い,椅子,6351,○,○,いす,○,,,,51,1
5,48,GPT-2,椅子,す,スキー,3392,○,○,すきー,○,,,,51,1
5,49,GPT-1,スキー,い,イカ,3068,○,○,いか,○,,,,51,1
5,50,GPT-2,イカ,か,かもめ,3597,○,○,かもめ,○,,,,51,1
5,51,GPT-1,かもめ,め,めがね,3789,○,○,めがね,○,,,,51,1
5,52,GPT-2,めがね,ね,寝袋,2035,○,○,ねぶくろ,○,,,,51,1
5,53,GPT-1,寝袋,ろ,ろうそく,1746,○,○,ろうそく,○,,,,51,1
5,54,GPT-2,ろうそく,く,雲,2911,○,○,くも,○,,,,51,1
5,55,GPT-1,雲,も,桃,2615,○,○,もも,○,,,,51,1
5,56,GPT-2,桃,も,餅,2326,○,○,もち,○,,,,51,1
5,57,GPT-1,餅,ち,チョウ,10775,○,○,ちょう,○,,,,51,1
5,58,GPT-2,チョウ,う,宇宙,3358,○,○,うちゅう,○,,,,51,1
5,59,GPT-1,宇宙,う,うちわ,2582,○,○,うちわ,○,,,,51,1
5,60,GPT-2,うちわ,わ,わさび,2412,○,○,わさび,○,,,,51,1
5,61,GPT-1,わさび,び,ビール,2421,○,○,びーる,○,,,,51,1
5,62,GPT-2,ビール,る,ルビー,2470,○,○,るびー,○,,,,51,1
5,63,GPT-1,ルビー,い,イチゴ,2849,○,○,いちご,○,,,,51,1
5,64,GPT-2,イチゴ,ご,ごま,1887,○,○,ごま,○,,,,51,1
5,65,GPT-1,ごま,ま,マグロ,2069,○,○,まぐろ,○,,,,51,1
5,66,GPT-2,マグロ,ろ,ロケット,1778,○,○,ろけっと,○,,,,51,1
5,67,GPT-1,ロケット,と,時計,1717,○,○,とけい,○,,,,51,1
5,68,GPT-2,時計,い,井戸,6858,○,○,いど,○,,,,51,1
5,69,GPT-1,井戸,ど,ドア,2494,○,○,どあ,○,,,,51,1
5,70,GPT-2,ドア,あ,アユ,8358,○,○,あゆ,○,,,,51,1
5,71,GPT-1,アユ,ゆ,雪,2827,○,○,ゆき,○,,,,51,1
5,72,GPT-2,雪,き,きのこ,4684,○,○,きのこ,○,,,,51,1
5,73,GPT-1,きのこ,こ,子犬,6520,○,○,こいぬ,○,,,,51,1
5,74,GPT-2,子犬,ぬ,ぬいぐるみ,2263,○,○,ぬいぐるみ,○,,,,51,1
5,75,GPT-1,ぬいぐるみ,み,みそ,2167,○,○,みそ,○,,,,51,1
5,76,GPT-2,みそ,そ,空,2854,○,○,そら,○,,,,51,1
5,77,GPT-1,空,ら,ラケット,2434,○,○,らけっと,○,,,,51,1
5,78,GPT-2,ラケット,と,トンボ,2199,○,○,とんぼ,○,,,,51,1
5,79,GPT-1,トンボ,ぼ,帽子,1444,○,○,ぼうし,○,,,,51,1
5,80,GPT-2,帽子,し,鹿,2612,○,○,しか,○,,,,51,1
5,81,GPT-1,鹿,か,鍵,2143,○,○,かぎ,○,,,,51,1
5,82,GPT-2,鍵,ぎ,銀貨,2656,○,○,ぎんか,○,,,,51,1
5,83,GPT-1,銀貨,か,傘,2416,○,○,かさ,○,,,,51,1
5,84,GPT-2,傘,さ,砂糖,2244,○,○,さとう,○,,,,51,1
5,85,GPT-1,砂糖,う,うなぎ,5051,○,○,うなぎ,○,,,,51,1
5,86,GPT-2,うなぎ,ぎ,ギター,2078,○,○,ぎたー,○,,,,51,1
5,87,GPT-1,ギター,あ,朝顔,8978,○,○,あさがお,○,,,,51,1
5,88,GPT-2,朝顔,お,おせち,5342,○,○,おせち,○,,,,51,1
5,89,GPT-1,おせち,ち,チーズ,2419,○,○,ちーず,○,,,,51,1
5,90,GPT-2,チーズ,ず,頭脳,2149,○,○,ずのう,○,,,,51,1
5,91,GPT-1,頭脳,う,腕時計,2450,×,×,,×,辞書外,GPT-2,GPT-1,51,1
6,1,GPT-1,しりとり,り,りんご,1970,○,○,りんご,○,,,,51,1
6,2,GPT-2,りんご,ご,ごま,5085,○,○,ごま,○,,,,51,1
6,3,GPT-1,ごま,ま,マグロ,1516,○,○,まぐろ,○,,,,51,1
6,4,GPT-2,マグロ,ろ,ロケット,1184,○,○,ろけっと,○,,,,51,1
6,5,GPT-1,ロケット,と,時計,1489,○,○,とけい,○,,,,51,1
6,6,GPT-2,時計,い,椅子,1750,○,○,いす,○,,,,51,1
6,7,GPT-1,椅子,す,スイカ,1406,○,○,すいか,○,,,,51,1
6,8,GPT-2,スイカ,か,傘,1506,○,○,かさ,○,,,,51,1
6,9,GPT-1,傘,さ,桜,1872,○,○,さくら,○,,,,51,1
6,10,GPT-2,桜,ら,ラッパ,2187,○,○,らっぱ,○,,,,51,1
6,11,GPT-1,ラッパ,ぱ,パンダ,2588,○,○,ぱんだ,○,,,,51,1
6,12,GPT-2,パンダ,だ,だるま,2206,○,○,だるま,○,,,,51,1
6,13,GPT-1,だるま,ま,まくら,1896,○,○,まくら,○,,,,51,1
6,14,GPT-2,まくら,ら,ラジオ,2045,○,○,らじお,○,,,,51,1
6,15,GPT-1,ラジオ,お,おにぎり,2254,○,○,おにぎり,○,,,,51,1
6,16,GPT-2,おにぎり,り,りす,3595,○,○,りす,○,,,,51,1
6,17,GPT-1,りす,す,スズメ,1866,○,○,すずめ,○,,,,51,1
6,18,GPT-2,スズメ,め,めだか,2109,○,○,めだか,○,,,,51,1
6,19,GPT-1,めだか,か,カップ,4834,○,○,かっぷ,○,,,,51,1
6,20,GPT-2,カップ,ぷ,プール,1633,○,○,ぷーる,○,,,,51,1
6,21,GPT-1,プール,る,ルビー,2343,○,○,るびー,○,,,,51,1
6,22,GPT-2,ルビー,い,石,2216,○,○,いし,○,,,,51,1
6,23,GPT-1,石,し,椎茸,2068,○,○,しいたけ,○,,,,51,1
6,24,GPT-2,椎茸,け,消しゴム,2147,×,×,,×,辞書外,GPT-1,GPT-2,51,1
7,1,GPT-1,しりとり,り,りんご,1798,○,○,りんご,○,,,,51,1
7,2,GPT-2,りんご,ご,ゴリラ,2091,○,○,ごりら,○,,,,51,1
7,3,GPT-1,ゴリラ,ら,ラッパ,1432,○,○,らっぱ,○,,,,51,1
7,4,GPT-2,ラッパ,ぱ,パンダ,2297,○,○,ぱんだ,○,,,,51,1
7,5,GPT-1,パンダ,だ,大学,1975,○,○,だいがく,○,,,,51,1
7,6,GPT-2,大学,く,靴,4185,○,○,くつ,○,,,,51,1
7,7,GPT-1,靴,つ,机,2391,○,○,つくえ,○,,,,51,1
7,8,GPT-2,机,え,鉛筆,1870,○,○,えんぴつ,○,,,,51,1
7,9,GPT-1,鉛筆,つ,壺,7516,○,○,つぼ,○,,,,51,1
7,10,GPT-2,壺,ぼ,ボール,2219,○,○,ぼうる,○,,,,51,1
7,11,GPT-1,ボール,る,ルビー,1677,○,○,るびー,○,,,,51,1
7,12,GPT-2,ルビー,い,椅子,1824,○,○,いす,○,,,,51,1
7,13,GPT-1,椅子,す,スイカ,1491,○,○,すいか,○,,,,51,1
7,14,GPT-2,スイカ,か,カメラ,2146,○,○,かめら,○,,,,51,1
7,15,GPT-1,カメラ,ら,ラジオ,2538,○,○,らじお,○,,,,51,1
7,16,GPT-2,ラジオ,お,お茶,5773,○,×,,×,辞書外,GPT-1,GPT-2,51,1
8,1,GPT-1,しりとり,り,りんご,2324,○,○,りんご,○,,,,51,1
8,2,GPT-2,りんご,ご,ゴリラ,1933,○,○,ごりら,○,,,,51,1
8,3,GPT-1,ゴリラ,ら,ラッパ,2080,○,○,らっぱ,○,,,,51,1
8,4,GPT-2,ラッパ,ぱ,パンダ,1868,○,○,ぱんだ,○,,,,51,1
8,5,GPT-1,パンダ,だ,大学,3035,○,○,だいがく,○,,,,51,1
8,6,GPT-2,大学,く,クジラ,2551,○,○,くじら,○,,,,51,1
8,7,GPT-1,クジラ,ら,ラジオ,1844,○,○,らじお,○,,,,51,1
8,8,GPT-2,ラジオ,お,おにぎり,1789,○,○,おにぎり,○,,,,51,1
8,9,GPT-1,おにぎり,り,リス,3547,○,○,りす,○,,,,51,1
8,10,GPT-2,リス,す,スープ,4272,○,○,すーぷ,○,,,,51,1
8,11,GPT-1,スープ,ぷ,プール,1692,○,○,ぷーる,○,,,,51,1
8,12,GPT-2,プール,る,ルビー,2375,○,○,るびー,○,,,,51,1
8,13,GPT-1,ルビー,い,イルカ,2070,○,○,いるか,○,,,,51,1
8,14,GPT-2,イルカ,か,カメラ,2036,○,○,かめら,○,,,,51,1
8,15,GPT-1,カメラ,ら,ラッコ,7193,○,○,らっこ,○,,,,51,1
8,16,GPT-2,ラッコ,こ,コアラ,2258,○,○,こあら,○,,,,51,1
8,17,GPT-1,コアラ,ら,ランプ,3458,○,○,らんぷ,○,,,,51,1
8,18,GPT-2,ランプ,ぷ,プラモデル,3896,○,○,ぷらもでる,○,,,,51,1
8,19,GPT-1,プラモデル,る,ルーペ,2627,○,○,るーぺ,○,,,,51,1
8,20,GPT-2,ルーペ,ぺ,ペンキ,3372,○,○,ぺんき,○,,,,51,1
8,21,GPT-1,ペンキ,き,きのこ,2056,○,○,きのこ,○,,,,51,1
8,22,GPT-2,きのこ,こ,こたつ,1826,○,○,こたつ,○,,,,51,1
8,23,GPT-1,こたつ,つ,つみき,1895,○,×,,×,辞書外,GPT-2,GPT-1,51,1
9,1,GPT-1,しりとり,り,りんご,2356,○,○,りんご,○,,,,51,1
9,2,GPT-2,りんご,ご,ごま,2416,○,○,ごま,○,,,,51,1
9,3,GPT-1,ごま,ま,まつり,2033,○,○,まつり,○,,,,51,1
9,4,GPT-2,まつり,り,りす,1554,○,○,りす,○,,,,51,1
9,5,GPT-1,りす,す,すいか,1976,○,○,すいか,○,,,,51,1
9,6,GPT-2,すいか,か,かめ,1787,○,○,かめ,○,,,,51,1
9,7,GPT-1,かめ,め,めがね,2145,○,○,めがね,○,,,,51,1
9,8,GPT-2,めがね,ね,ねぎ,6776,○,○,ねぎ,○,,,,51,1
9,9,GPT-1,ねぎ,ぎ,銀河,2195,○,○,ぎんが,○,,,,51,1
9,10,GPT-2,銀河,が,がく,2716,○,○,がく,○,,,,51,1
9,11,GPT-1,がく,く,くるま,1963,○,○,くるま,○,,,,51,1
9,12,GPT-2,くるま,ま,まくら,1931,○,○,まくら,○,,,,51,1
9,13,GPT-1,まくら,ら,らっぱ,4364,○,○,らっぱ,○,,,,51,1
9,14,GPT-2,らっぱ,ぱ,パンダ,1410,○,○,ぱんだ,○,,,,51,1
9,15,GPT-1,パンダ,だ,だるま,1582,○,○,だるま,○,,,,51,1
9,16,GPT-2,だるま,ま,まぐろ,2209,○,○,まぐろ,○,,,,51,1
9,17,GPT-1,まぐろ,ろ,ろうそく,2642,○,○,ろうそく,○,,,,51,1
9,18,GPT-2,ろうそく,く,くじら,4146,○,○,くじら,○,,,,51,1
9,19,GPT-1,くじら,ら,ラジオ,1519,○,○,らじお,○,,,,51,1
9,20,GPT-2,ラジオ,お,おにぎり,2170,○,○,おにぎり,○,,,,51,1
9,21,GPT-1,おにぎり,り,理科,2937,○,○,りか,○,,,,51,1
9,22,GPT-2,理科,か,カメラ,2603,○,○,かめら,○,,,,51,1
9,23,GPT-1,カメラ,ら,らくだ,1766,○,○,らくだ,○,,,,51,1
9,24,GPT-2,らくだ,だ,大地,1815,○,○,だいち,○,,,,51,1
9,25,GPT-1,大地,ち,地図,4375,○,○,ちず,○,,,,51,1
9,26,GPT-2,地図,ず,図工,1708,○,○,ずこう,○,,,,51,1
9,27,GPT-1,図工,う,うさぎ,1531,○,○,うさぎ,○,,,,51,1
9,28,GPT-2,うさぎ,ぎ,銀行,2447,○,○,ぎんこう,○,,,,51,1
9,29,GPT-1,銀行,う,うちわ,4640,○,○,うちわ,○,,,,51,1
9,30,GPT-2,うちわ,わ,わに,2093,○,○,わに,○,,,,51,1
9,31,GPT-1,わに,に,庭,1882,○,○,にわ,○,,,,51,1
9,32,GPT-2,庭,わ,わらび,5568,○,○,わらび,○,,,,51,1
9,33,GPT-1,わらび,び,びわ,2164,○,○,びわ,○,,,,51,1
9,34,GPT-2,びわ,わ,わさび,2220,○,○,わさび,○,,,,51,1
9,35,GPT-1,わさび,び,ビール,1791,○,○,びーる,○,,,,51,1
9,36,GPT-2,ビール,る,留守,1462,○,○,るす,○,,,,51,1
9,37,GPT-1,留守,す,すずめ,2559,○,○,すずめ,○,,,,51,1
9,38,GPT-2,すずめ,め,めだか,2270,○,○,めだか,○,,,,51,1
9,39,GPT-1,めだか,か,かき,2753,○,○,かき,○,,,,51,1
9,40,GPT-2,かき,き,きつね,2158,○,○,きつね,○,,,,51,1
9,41,GPT-1,きつね,ね,ねずみ,6396,○,○,ねずみ,○,,,,51,1
9,42,GPT-2,ねずみ,み,水,3911,○,○,みず,○,,,,51,1
9,43,GPT-1,水,ず,図形,2293,○,○,ずけい,○,,,,51,1
9,44,GPT-2,図形,い,犬,4179,○,○,いぬ,○,,,,51,1
9,45,GPT-1,犬,ぬ,布,2175,○,○,ぬの,○,,,,51,1
9,46,GPT-2,布,の,のこぎり,3960,○,○,のこぎり,○,,,,51,1
9,47,GPT-1,のこぎり,り,リール,6525,○,○,りーる,○,,,,51,1
9,48,GPT-2,リール,る,ルビー,2627,○,○,るびー,○,,,,51,1
9,49,GPT-1,ルビー,い,いす,3199,○,○,いす,○,,,,51,1
9,50,GPT-2,いす,す,すりこぎ,7875,○,×,,×,辞書外,GPT-1,GPT-2,51,1
10,1,GPT-1,しりとり,り,りんご,1606,○,○,りんご,○,,,,51,1
10,2,GPT-2,りんご,ご,ごま,1938,○,○,ごま,○,,,,51,1
10,3,GPT-1,ごま,ま,まくら,1587,○,○,まくら,○,,,,51,1
10,4,GPT-2,まくら,ら,ラッパ,1917,○,○,らっぱ,○,,,,51,1
10,5,GPT-1,ラッパ,ぱ,パズル,5196,○,○,ぱずる,○,,,,51,1
10,6,GPT-2,パズル,る,ルビー,2295,○,○,るびー,○,,,,51,1
10,7,GPT-1,ルビー,い,椅子,1825,○,○,いす,○,,,,51,1
10,8,GPT-2,椅子,す,すいか,1654,○,○,すいか,○,,,,51,1
10,9,GPT-1,すいか,か,かさ,1548,○,○,かさ,○,,,,51,1
10,10,GPT-2,かさ,さ,桜,1815,○,○,さくら,○,,,,51,1
10,11,GPT-1,桜,ら,ラジオ,2821,○,○,らじお,○,,,,51,1
10,12,GPT-2,ラジオ,お,おもち,2933,○,×,,×,辞書外,GPT-1,GPT-2,51,1
11,1,GPT-1,しりとり,り,りんご,1744,○,○,りんご,○,,,,51,1
11,2,GPT-2,りんご,ご,ごま,2249,○,○,ごま,○,,,,51,1
11,3,GPT-1,ごま,ま,マグロ,1707,○,○,まぐろ,○,,,,51,1
11,4,GPT-2,マグロ,ろ,ロバ,2186,○,○,ろば,○,,,,51,1
11,5,GPT-1,ロバ,ば,バス,2305,○,○,ばす,○,,,,51,1
11,6,GPT-2,バス,す,スイカ,3158,○,○,すいか,○,,,,51,1
11,7,GPT-1,スイカ,か,カメラ,1942,○,○,かめら,○,,,,51,1
11,8,GPT-2,カメラ,ら,ラッパ,2203,○,○,らっぱ,○,,,,51,1
11,9,GPT-1,ラッパ,ぱ,パンダ,1912,○,○,ぱんだ,○,,,,51,1
11,10,GPT-2,パンダ,だ,大学,1609,○,○,だいがく,○,,,,51,1
11,11,GPT-1,大学,く,くぎ,5280,○,○,くぎ,○,,,,51,1
11,12,GPT-2,くぎ,ぎ,義理,1794,○,○,ぎり,○,,,,51,1
11,13,GPT-1,義理,り,リス,1534,○,○,りす,○,,,,51,1
11,14,GPT-2,リス,す,スープ,3732,○,○,すーぷ,○,,,,51,1
11,15,GPT-1,スープ,ぷ,プール,1791,○,○,ぷーる,○,,,,51,1
11,16,GPT-2,プール,る,ルビー,1231,○,○,るびー,○,,,,51,1
11,17,GPT-1,ルビー,い,椅子,1616,○,○,いす,○,,,,51,1
11,18,GPT-2,椅子,す,すみれ,2457,○,○,すみれ,○,,,,51,1
11,19,GPT-1,すみれ,れ,レコード,2098,○,○,れこーど,○,,,,51,1
11,20,GPT-2,レコード,ど,道路,1626,○,○,どうろ,○,,,,51,1
11,21,GPT-1,道路,ろ,ろうそく,1365,○,○,ろうそく,○,,,,51,1
11,22,GPT-2,ろうそく,く,くじら,3038,○,○,くじら,○,,,,51,1
11,23,GPT-1,くじら,ら,ラジオ,2267,○,○,らじお,○,,,,51,1
11,24,GPT-2,ラジオ,お,おにぎり,2483,○,○,おにぎり,○,,,,51,1
11,25,GPT-1,おにぎり,り,料理,2599,○,○,りょうり,○,,,,51,1
11,26,GPT-2,料理,り,理屈,6877,○,○,りくつ,○,,,,51,1
11,27,GPT-1,理屈,つ,机,1928,○,○,つくえ,○,,,,51,1
11,28,GPT-2,机,え,絵,1858,○,○,え,○,,,,51,1
11,29,GPT-1,絵,え,駅,3131,○,○,えき,○,,,,51,1
11,30,GPT-2,駅,き,きつね,2167,○,○,きつね,○,,,,51,1
11,31,GPT-1,きつね,ね,猫,1915,○,○,ねこ,○,,,,51,1
11,32,GPT-2,猫,こ,こま,2436,○,○,こま,○,,,,51,1
11,33,GPT-1,こま,ま,まくら,1904,○,○,まくら,○,,,,51,1
11,34,GPT-2,まくら,ら,らくだ,2253,○,○,らくだ,○,,,,51,1
11,35,GPT-1,らくだ,だ,団子,11578,○,○,だんご,○,,,,51,1
11,36,GPT-2,団子,ご,ごぼう,2559,○,○,ごぼう,○,,,,51,1
11,37,GPT-1,ごぼう,う,うさぎ,1424,○,○,うさぎ,○,,,,51,1
11,38,GPT-2,うさぎ,ぎ,銀河,1813,○,○,ぎんが,○,,,,51,1
11,39,GPT-1,銀河,が,学校,1720,○,○,がっこう,○,,,,51,1
11,40,GPT-2,学校,う,海,2638,○,○,うみ,○,,,,51,1
11,41,GPT-1,海,み,水,3286,○,○,みず,○,,,,51,1
11,42,GPT-2,水,ず,ずれ,2211,○,○,ずれ,○,,,,51,1
11,43,GPT-1,ずれ,れ,列車,1637,○,○,れっしゃ,○,,,,51,1
11,44,GPT-2,列車,や,柳,6668,○,○,やなぎ,○,,,,51,1
11,45,GPT-1,柳,ぎ,義務,6025,○,○,ぎむ,○,,,,51,1
11,46,GPT-2,義務,む,むぎ,5429,○,○,むぎ,○,,,,51,1
11,47,GPT-1,むぎ,ぎ,技師,2912,○,○,ぎし,○,,,,51,1
11,48,GPT-2,技師,し,獅子,7889,○,○,しし,○,,,,51,1
11,49,GPT-1,獅子,し,しめじ,6296,○,○,しめじ,○,,,,51,1
11,50,GPT-2,しめじ,じ,自転車,3411,×,×,,×,辞書外,GPT-1,GPT-2,51,1
12,1,GPT-1,しりとり,り,りんご,1653,○,○,りんご,○,,,,51,1
12,2,GPT-2,りんご,ご,ごま,2167,○,○,ごま,○,,,,51,1
12,3,GPT-1,ごま,ま,まくら,1490,○,○,まくら,○,,,,51,1
12,4,GPT-2,まくら,ら,ラジオ,2163,○,○,らじお,○,,,,51,1
12,5,GPT-1,ラジオ,お,お灸,5905,○,×,,×,辞書外,GPT-2,GPT-1,51,1
13,1,GPT-1,しりとり,り,りんご,2142,○,○,りんご,○,,,,51,1
13,2,GPT-2,りんご,ご,ごま,1891,○,○,ごま,○,,,,51,1
13,3,GPT-1,ごま,ま,まくら,1386,○,○,まくら,○,,,,51,1
13,4,GPT-2,まくら,ら,ラジオ,2410,○,○,らじお,○,,,,51,1
13,5,GPT-1,ラジオ,お,おにぎり,1788,○,○,おにぎり,○,,,,51,1
13,6,GPT-2,おにぎり,り,リス,1741,○,○,りす,○,,,,51,1
13,7,GPT-1,リス,す,スイカ,2086,○,○,すいか,○,,,,51,1
13,8,GPT-2,スイカ,か,傘,1968,○,○,かさ,○,,,,51,1
13,9,GPT-1,傘,さ,桜,1775,○,○,さくら,○,,,,51,1
13,10,GPT-2,桜,ら,落花生,2939,×,×,,×,辞書外,GPT-1,GPT-2,51,1
14,1,GPT-1,しりとり,り,りんご,1668,○,○,りんご,○,,,,51,1
14,2,GPT-2,りんご,ご,ごま,3171,○,○,ごま,○,,,,51,1
14,3,GPT-1,ごま,ま,まくら,1596,○,○,まくら,○,,,,51,1
14,4,GPT-2,まくら,ら,ラジオ,1682,○,○,らじお,○,,,,51,1
14,5,GPT-1,ラジオ,お,おひつ,4194,○,×,,×,辞書外,GPT-2,GPT-1,51,1
15,1,GPT-1,しりとり,り,りんご,1673,○,○,りんご,○,,,,51,1
15,2,GPT-2,りんご,ご,ごま,2016,○,○,ごま,○,,,,51,1
15,3,GPT-1,ごま,ま,まくら,1406,○,○,まくら,○,,,,51,1
15,4,GPT-2,まくら,ら,らっぱ,2133,○,○,らっぱ,○,,,,51,1
15,5,GPT-1,らっぱ,ぱ,パンダ,1683,○,○,ぱんだ,○,,,,51,1
15,6,GPT-2,パンダ,だ,大豆,1955,○,○,だいず,○,,,,51,1
15,7,GPT-1,大豆,ず,図書,1627,○,○,ずしょ,○,,,,51,1
15,8,GPT-2,図書,よ,ヨット,2217,○,○,よっと,○,,,,51,1
15,9,GPT-1,ヨット,と,トマト,2247,○,○,とまと,○,,,,51,1
15,10,GPT-2,トマト,と,時計,2226,○,○,とけい,○,,,,51,1
15,11,GPT-1,時計,い,いす,1812,○,○,いす,○,,,,51,1
15,12,GPT-2,いす,す,すいか,2338,○,○,すいか,○,,,,51,1
15,13,GPT-1,すいか,か,カメラ,1555,○,○,かめら,○,,,,51,1
15,14,GPT-2,カメラ,ら,ラジオ,2798,○,○,らじお,○,,,,51,1
15,15,GPT-1,ラジオ,お,お茶,2103,○,×,,×,辞書外,GPT-2,GPT-1,51,1
16,1,GPT-1,しりとり,り,りんご,1740,○,○,りんご,○,,,,51,1
16,2,GPT-2,りんご,ご,ごま,1976,○,○,ごま,○,,,,51,1
16,3,GPT-1,ごま,ま,まくら,1544,○,○,まくら,○,,,,51,1
16,4,GPT-2,まくら,ら,ラッパ,2595,○,○,らっぱ,○,,,,51,1
16,5,GPT-1,ラッパ,ぱ,パンダ,2368,○,○,ぱんだ,○,,,,51,1
16,6,GPT-2,パンダ,だ,大学,2277,○,○,だいがく,○,,,,51,1
16,7,GPT-1,大学,く,クジラ,2611,○,○,くじら,○,,,,51,1
16,8,GPT-2,クジラ,ら,ラジオ,1481,○,○,らじお,○,,,,51,1
16,9,GPT-1,ラジオ,お,おにぎり,2019,○,○,おにぎり,○,,,,51,1
16,10,GPT-2,おにぎり,り,リス,1621,○,○,りす,○,,,,51,1
16,11,GPT-1,リス,す,すず,5597,○,○,すず,○,,,,51,1
16,12,GPT-2,すず,ず,ずいき,2375,○,○,ずいき,○,,,,51,1
16,13,GPT-1,ずいき,き,きず,4966,○,○,きず,○,,,,51,1
16,14,GPT-2,きず,ず,図工,1842,○,○,ずこう,○,,,,51,1
16,15,GPT-1,図工,う,うさぎ,1738,○,○,うさぎ,○,,,,51,1
16,16,GPT-2,うさぎ,ぎ,銀貨,2560,○,○,ぎんか,○,,,,51,1
16,17,GPT-1,銀貨,か,かさ,2661,○,○,かさ,○,,,,51,1
16,18,GPT-2,かさ,さ,財布,4482,○,○,さいふ,○,,,,51,1
16,19,GPT-1,財布,ふ,船,5352,○,○,ふな,○,,,,51,1
16,20,GPT-2,船,な,なす,2984,○,○,なす,○,,,,51,1
16,21,GPT-1,なす,す,すみれ,7867,○,○,すみれ,○,,,,51,1
16,22,GPT-2,すみれ,れ,列車,2521,○,○,れっしゃ,○,,,,51,1
16,23,GPT-1,列車,や,野球,3786,○,○,やきゅう,○,,,,51,1
16,24,GPT-2,野球,う,海,12327,○,○,うみ,○,,,,51,1
16,25,GPT-1,海,み,水,2455,○,○,みず,○,,,,51,1
16,26,GPT-2,水,ず,図形,2355,○,○,ずけい,○,,,,51,1
16,27,GPT-1,図形,い,犬,1742,○,○,いぬ,○,,,,51,1
16,28,GPT-2,犬,ぬ,布,1447,○,○,ぬの,○,,,,51,1
16,29,GPT-1,布,の,ノート,1767,○,○,のーと,○,,,,51,1
16,30,GPT-2,ノート,と,冬至,6141,○,○,とうじ,○,,,,51,1
16,31,GPT-1,冬至,じ,磁石,1904,○,○,じしゃく,○,,,,51,1
16,32,GPT-2,磁石,く,薬,2408,○,○,くすり,○,,,,51,1
16,33,GPT-1,薬,り,理科,2411,○,○,りか,○,,,,51,1
16,34,GPT-2,理科,か,カメラ,1909,○,○,かめら,○,,,,51,1
16,35,GPT-1,カメラ,ら,ラベル,4713,○,○,らべる,○,,,,51,1
16,36,GPT-2,ラベル,る,ルビー,2168,○,○,るびー,○,,,,51,1
16,37,GPT-1,ルビー,い,いぬ,6345,○,○,いぬ,○,,,,51,1
16,38,GPT-2,いぬ,ぬ,布,1910,○,○,ぬの,×,既出単語,GPT-1,GPT-2,51,1
17,1,GPT-1,しりとり,り,りんご,1642,○,○,りんご,○,,,,51,1
17,2,GPT-2,りんご,ご,ゴリラ,2200,○,○,ごりら,○,,,,51,1
17,3,GPT-1,ゴリラ,ら,ラジオ,1679,○,○,らじお,○,,,,51,1
17,4,GPT-2,ラジオ,お,おしべ,7416,○,○,おしべ,○,,,,51,1
17,5,GPT-1,おしべ,べ,ベッド,3127,○,○,べっど,○,,,,51,1
17,6,GPT-2,ベッド,ど,ドア,1262,○,○,どあ,○,,,,51,1
17,7,GPT-1,ドア,あ,あんず,6237,○,○,あんず,○,,,,51,1
17,8,GPT-2,あんず,ず,頭痛,2760,○,○,ずつう,○,,,,51,1
17,9,GPT-1,頭痛,う,海,1606,○,○,うみ,○,,,,51,1
17,10,GPT-2,海,み,水,4683,○,○,みず,○,,,,51,1
17,11,GPT-1,水,ず,随筆,2782,○,○,ずいひつ,○,,,,51,1
17,12,GPT-2,随筆,つ,机,5274,○,○,つくえ,○,,,,51,1
17,13,GPT-1,机,え,絵,3391,○,○,え,○,,,,51,1
17,14,GPT-2,絵,え,鉛筆,1842,○,○,えんぴつ,○,,,,51,1
17,15,GPT-1,鉛筆,つ,釣り,2417,○,○,つり,○,,,,51,1
17,16,GPT-2,釣り,り,リス,2708,○,○,りす,○,,,,51,1
17,17,GPT-1,リス,す,スイカ,1682,○,○,すいか,○,,,,51,1
17,18,GPT-2,スイカ,か,カメラ,1580,○,○,かめら,○,,,,51,1
17,19,GPT-1,カメラ,ら,ラッパ,2001,○,○,らっぱ,○,,,,51,1
17,20,GPT-2,ラッパ,ぱ,パンダ,1986,○,○,ぱんだ,○,,,,51,1
17,21,GPT-1,パンダ,だ,大豆,4687,○,○,だいず,○,,,,51,1
17,22,GPT-2,大豆,ず,図形,1935,○,○,ずけい,○,,,,51,1
17,23,GPT-1,図形,い,石,1749,○,○,いし,○,,,,51,1
17,24,GPT-2,石,し,鹿,2308,○,○,しか,○,,,,51,1
17,25,GPT-1,鹿,か,粥,8132,○,○,かゆ,○,,,,51,1
17,26,GPT-2,粥,ゆ,床,2430,○,○,ゆか,○,,,,51,1
17,27,GPT-1,床,か,傘,1792,○,○,かさ,○,,,,51,1
17,28,GPT-2,傘,さ,桜,3072,○,○,さくら,○,,,,51,1
17,29,GPT-1,桜,ら,ラッコ,3041,○,○,らっこ,○,,,,51,1
17,30,GPT-2,ラッコ,こ,こたつ,1758,○,○,こたつ,○,,,,51,1
17,31,GPT-1,こたつ,つ,積み木,1910,○,○,つみき,○,,,,51,1
17,32,GPT-2,積み木,き,きくらげ,9676,○,○,きくらげ,○,,,,51,1
17,33,GPT-1,きくらげ,げ,ゲーム,1534,○,○,げーむ,○,,,,51,1
17,34,GPT-2,ゲーム,む,虫,1702,○,○,むし,○,,,,51,1
17,35,GPT-1,虫,し,しっぽ,4345,○,○,しっぽ,○,,,,51,1
17,36,GPT-2,しっぽ,ぽ,ポスト,1515,○,○,ぽすと,○,,,,51,1
17,37,GPT-1,ポスト,と,時計,2567,○,○,とけい,○,,,,51,1
17,38,GPT-2,時計,い,椅子,2668,○,○,いす,○,,,,51,1
17,39,GPT-1,椅子,す,すずめ,2725,○,○,すずめ,○,,,,51,1
17,40,GPT-2,すずめ,め,めだか,2263,○,○,めだか,○,,,,51,1
17,41,GPT-1,めだか,か,柿,2993,○,○,かき,○,,,,51,1
17,42,GPT-2,柿,き,きつね,2153,○,○,きつね,○,,,,51,1
17,43,GPT-1,きつね,ね,ねこ,2574,○,○,ねこ,○,,,,51,1
17,44,GPT-2,ねこ,こ,こま,1865,○,○,こま,○,,,,51,1
17,45,GPT-1,こま,ま,まくら,2277,○,○,まくら,○,,,,51,1
17,46,GPT-2,まくら,ら,らくだ,2096,○,○,らくだ,○,,,,51,1
17,47,GPT-1,らくだ,だ,台所,4699,○,○,だいどころ,○,,,,51,1
17,48,GPT-2,台所,ろ,ろうそく,2071,○,○,ろうそく,○,,,,51,1
17,49,GPT-1,ろうそく,く,くぎ,4589,○,○,くぎ,○,,,,51,1
17,50,GPT-2,くぎ,ぎ,ぎょうざ,4622,○,○,ぎょーざ,○,,,,51,1
17,51,GPT-1,ぎょうざ,ざ,雑誌,2261,○,○,ざっし,○,,,,51,1
17,52,GPT-2,雑誌,し,しおり,7356,○,○,しおり,○,,,,51,1
17,53,GPT-1,しおり,り,理科,2159,○,○,りか,○,,,,51,1
17,54,GPT-2,理科,か,カブ,4494,○,○,かぶ,○,,,,51,1
17,55,GPT-1,カブ,ぶ,ぶどう,1941,○,○,ぶどう,○,,,,51,1
17,56,GPT-2,ぶどう,う,うちわ,5179,○,○,うちわ,○,,,,51,1
17,57,GPT-1,うちわ,わ,わさび,1489,○,○,わさび,○,,,,51,1
17,58,GPT-2,わさび,び,びわ,3163,○,○,びわ,○,,,,51,1
17,59,GPT-1,びわ,わ,わかめ,2917,○,○,わかめ,○,,,,51,1
17,60,GPT-2,わかめ,め,めがね,1677,○,○,めがね,○,,,,51,1
17,61,GPT-1,めがね,ね,ねぎ,2111,○,○,ねぎ,○,,,,51,1
17,62,GPT-2,ねぎ,ぎ,銀河,2219,○,○,ぎんが,○,,,,51,1
17,63,GPT-1,銀河,が,楽器,2031,○,○,がっき,○,,,,51,1
17,64,GPT-2,楽器,き,きなこ,4186,○,○,きなこ,○,,,,51,1
17,65,GPT-1,きなこ,こ,コップ,2299,○,○,こっぷ,○,,,,51,1
17,66,GPT-2,コップ,ぷ,プール,2274,○,○,ぷーる,○,,,,51,1
17,67,GPT-1,プール,る,留守,2282,○,○,るす,○,,,,51,1
17,68,GPT-2,留守,す,すみれ,4004,○,○,すみれ,○,,,,51,1
17,69,GPT-1,すみれ,れ,冷蔵庫,2130,×,×,,×,辞書外,GPT-2,GPT-1,51,1
18,1,GPT-1,しりとり,り,リス,2595,○,○,りす,○,,,,51,1
18,2,GPT-2,リス,す,スイカ,1889,○,○,すいか,○,,,,51,1
18,3,GPT-1,スイカ,か,カメラ,1958,○,○,かめら,○,,,,51,1
18,4,GPT-2,カメラ,ら,ラッパ,1236,○,○,らっぱ,○,,,,51,1
18,5,GPT-1,ラッパ,ぱ,パンダ,3582,○,○,ぱんだ,○,,,,51,1
18,6,GPT-2,パンダ,だ,大地,2138,○,○,だいち,○,,,,51,1
18,7,GPT-1,大地,ち,地図,2215,○,○,ちず,○,,,,51,1
18,8,GPT-2,地図,ず,頭痛,4248,○,○,ずつう,○,,,,51,1
18,9,GPT-1,頭痛,う,馬,6685,○,○,うま,○,,,,51,1
18,10,GPT-2,馬,ま,マスク,2015,○,○,ますく,○,,,,51,1
18,11,GPT-1,マスク,く,靴,4918,○,○,くつ,○,,,,51,1
18,12,GPT-2,靴,つ,机,3291,○,○,つくえ,○,,,,51,1
18,13,GPT-1,机,え,駅,6593,○,○,えき,○,,,,51,1
18,14,GPT-2,駅,き,きつね,5114,○,○,きつね,○,,,,51,1
18,15,GPT-1,きつね,ね,ネクタイ,2455,○,○,ねくたい,○,,,,51,1
18,16,GPT-2,ネクタイ,い,椅子,2201,○,○,いす,○,,,,51,1
18,17,GPT-1,椅子,す,スズメ,2054,○,○,すずめ,○,,,,51,1
18,18,GPT-2,スズメ,め,メダカ,1884,○,○,めだか,○,,,,51,1
18,19,GPT-1,メダカ,か,カラス,2932,○,○,からす,○,,,,51,1
18,20,GPT-2,カラス,す,スープ,5147,○,○,すーぷ,○,,,,51,1
18,21,GPT-1,スープ,ぷ,プール,2829,○,○,ぷーる,○,,,,51,1
18,22,GPT-2,プール,る,ルビー,2084,○,○,るびー,○,,,,51,1
18,23,GPT-1,ルビー,い,イチゴ,8149,○,○,いちご,○,,,,51,1
18,24,GPT-2,イチゴ,ご,ゴリラ,2639,○,○,ごりら,○,,,,51,1
18,25,GPT-1,ゴリラ,ら,ラジオ,2609,○,○,らじお,○,,,,51,1
18,26,GPT-2,ラジオ,お,おにぎり,2326,○,○,おにぎり,○,,,,51,1
18,27,GPT-1,おにぎり,り,りんご,5695,○,○,りんご,○,,,,51,1
18,28,GPT-2,りんご,ご,ゴマ,5947,○,○,ごま,○,,,,51,1
18,29,GPT-1,ゴマ,ま,マヨネーズ,4208,○,○,まよねーず,○,,,,51,1
18,30,GPT-2,マヨネーズ,ず,図工,2292,○,○,ずこう,○,,,,51,1
18,31,GPT-1,図工,う,海,3712,○,○,うみ,○,,,,51,1
18,32,GPT-2,海,み,溝,4657,○,○,みぞ,○,,,,51,1
18,33,GPT-1,溝,ぞ,象,6549,○,○,ぞう,○,,,,51,1
18,34,GPT-2,象,う,うさぎ,2877,○,○,うさぎ,○,,,,51,1
18,35,GPT-1,うさぎ,ぎ,銀河,1512,○,○,ぎんが,○,,,,51,1
18,36,GPT-2,銀河,が,ガラス,2671,○,○,がらす,○,,,,51,1
18,37,GPT-1,ガラス,す,スイッチ,2033,○,○,すいっち,○,,,,51,1
18,38,GPT-2,スイッチ,ち,チーズ,2794,○,○,ちーず,○,,,,51,1
18,39,GPT-1,チーズ,ず,ずんだ,2734,○,○,ずんだ,○,,,,51,1
18,40,GPT-2,ずんだ,だ,大豆,6718,○,○,だいず,○,,,,51,1
18,41,GPT-1,大豆,ず,随筆,2386,○,○,ずいひつ,○,,,,51,1
18,42,GPT-2,随筆,つ,月,3009,○,○,つき,○,,,,51,1
18,43,GPT-1,月,き,きくらげ,5433,○,○,きくらげ,○,,,,51,1
18,44,GPT-2,きくらげ,げ,げっぷ,4392,○,○,げっぷ,○,,,,51,1
18,45,GPT-1,げっぷ,ぷ,プラグ,2493,○,○,ぷらぐ,○,,,,51,1
18,46,GPT-2,プラグ,ぐ,愚痴,1896,○,○,ぐち,○,,,,51,1
18,47,GPT-1,愚痴,ち,チョコ,2752,○,○,ちょこ,○,,,,51,1
18,48,GPT-2,チョコ,こ,コップ,2072,○,○,こっぷ,○,,,,51,1
18,49,GPT-1,コップ,ぷ,プラネタリウム,2368,○,○,ぷらねたりうむ,○,,,,51,1
18,50,GPT-2,プラネタリウム,む,虫,2548,○,○,むし,○,,,,51,1
18,51,GPT-1,虫,し,しめじ,11230,○,○,しめじ,○,,,,51,1
18,52,GPT-2,しめじ,じ,磁石,2711,○,○,じしゃく,○,,,,51,1
18,53,GPT-1,磁石,く,釘,6296,○,○,くぎ,○,,,,51,1
18,54,GPT-2,釘,ぎ,銀行,2390,○,○,ぎんこう,○,,,,51,1
18,55,GPT-1,銀行,う,腕,2585,○,○,うで,○,,,,51,1
18,56,GPT-2,腕,で,電車,1711,○,○,でんしゃ,○,,,,51,1
18,57,GPT-1,電車,や,やし,5266,○,○,やし,○,,,,51,1
18,58,GPT-2,やし,し,しおり,2227,○,○,しおり,○,,,,51,1
18,59,GPT-1,しおり,り,竜,9257,○,○,りゅう,○,,,,51,1
18,60,GPT-2,竜,う,歌,3625,○,○,うた,○,,,,51,1
18,61,GPT-1,歌,た,たぬき,2941,○,○,たぬき,○,,,,51,1
18,62,GPT-2,たぬき,き,きのこ,2246,○,○,きのこ,○,,,,51,1
18,63,GPT-1,きのこ,こ,小犬,5357,○,○,こいぬ,○,,,,51,1
18,64,GPT-2,小犬,ぬ,ぬいぐるみ,1624,○,○,ぬいぐるみ,○,,,,51,1
18,65,GPT-1,ぬいぐるみ,み,水,4068,○,○,みず,○,,,,51,1
18,66,GPT-2,水,ず,図形,2086,○,○,ずけい,○,,,,51,1
18,67,GPT-1,図形,い,石,1999,○,○,いし,○,,,,51,1
18,68,GPT-2,石,し,獅子,4656,○,○,しし,○,,,,51,1
18,69,GPT-1,獅子,し,しずく,4615,○,○,しずく,○,,,,51,1
18,70,GPT-2,しずく,く,クジラ,2009,○,○,くじら,○,,,,51,1
18,71,GPT-1,クジラ,ら,ラクダ,2237,○,○,らくだ,○,,,,51,1
18,72,GPT-2,ラクダ,だ,だるま,2139,○,○,だるま,○,,,,51,1
18,73,GPT-1,だるま,ま,枕,2215,○,○,まくら,○,,,,51,1
18,74,GPT-2,枕,ら,ランプ,4886,○,○,らんぷ,○,,,,51,1
18,75,GPT-1,ランプ,ぷ,プリズム,2084,○,○,ぷりずむ,○,,,,51,1
18,76,GPT-2,プリズム,む,麦,2531,○,○,むぎ,○,,,,51,1
18,77,GPT-1,麦,ぎ,技術,2734,○,○,ぎじゅつ,○,,,,51,1
18,78,GPT-2,技術,つ,椿,3809,○,○,つばき,○,,,,51,1
18,79,GPT-1,椿,き,絹,5567,○,○,きぬ,○,,,,51,1
18,80,GPT-2,絹,ぬ,沼,1923,○,○,ぬま,○,,,,51,1
18,81,GPT-1,沼,ま,マグロ,1902,○,○,まぐろ,○,,,,51,1
18,82,GPT-2,マグロ,ろ,ろうそく,1919,○,○,ろうそく,○,,,,51,1
18,83,GPT-1,ろうそく,く,雲,1751,○,○,くも,○,,,,51,1
18,84,GPT-2,雲,も,モグラ,2278,○,○,もぐら,○,,,,51,1
18,85,GPT-1,モグラ,ら,ラケット,3856,○,○,らけっと,○,,,,51,1
18,86,GPT-2,ラケット,と,時計,1966,○,○,とけい,○,,,,51,1
18,87,GPT-1,時計,い,犬,4657,○,○,いぬ,○,,,,51,1
18,88,GPT-2,犬,ぬ,布,2199,○,○,ぬの,○,,,,51,1
18,89,GPT-1,布,の,ノート,1614,○,○,のーと,○,,,,51,1
18,90,GPT-2,ノート,と,鳥,2526,○,○,とり,○,,,,51,1
18,91,GPT-1,鳥,り,理科,1673,○,○,りか,○,,,,51,1
18,92,GPT-2,理科,か,傘,2132,○,○,かさ,○,,,,51,1
18,93,GPT-1,傘,さ,さざえ,6339,○,○,さざえ,○,,,,51,1
18,94,GPT-2,さざえ,え,絵具,7094,○,○,えのぐ,○,,,,51,1
18,95,GPT-1,絵具,ぐ,軍手,3798,○,○,ぐんて,○,,,,51,1
18,96,GPT-2,軍手,て,テレビ,2437,○,○,てれび,○,,,,51,1
18,97,GPT-1,テレビ,び,ビール,2019,○,○,びーる,○,,,,51,1
18,98,GPT-2,ビール,る,ルーム,2868,○,○,るーむ,○,,,,51,1
18,99,GPT-1,ルーム,む,ムカデ,5747,○,○,むかで,○,,,,51,1
18,100,GPT-2,ムカデ,で,電池,2135,○,○,でんち,○,,,,51,1
18,101,GPT-1,電池,ち,ちくわ,8664,○,○,ちくわ,○,,,,51,1
18,102,GPT-2,ちくわ,わ,わさび,3104,○,○,わさび,○,,,,51,1
18,103,GPT-1,わさび,び,ビル,2294,○,○,びる,○,,,,51,1
18,104,GPT-2,ビル,る,留守,1805,○,○,るす,○,,,,51,1
18,105,GPT-1,留守,す,鈴,5690,○,○,すず,○,,,,51,1
18,106,GPT-2,鈴,ず,ズワイガニ,4039,○,○,ずわいがに,○,,,,51,1
18,107,GPT-1,ズワイガニ,に,虹,2786,○,○,にじ,○,,,,51,1
18,108,GPT-2,虹,じ,自転車,1724,×,×,,×,辞書外,GPT-1,GPT-2,51,1
19,1,GPT-1,しりとり,り,りす,2067,○,○,りす,○,,,,51,1
19,2,GPT-2,りす,す,すいか,1936,○,○,すいか,○,,,,51,1
19,3,GPT-1,すいか,か,かさ,2137,○,○,かさ,○,,,,51,1
19,4,GPT-2,かさ,さ,さくら,7056,○,○,さくら,○,,,,51,1
19,5,GPT-1,さくら,ら,ラッパ,2467,○,○,らっぱ,○,,,,51,1
19,6,GPT-2,ラッパ,ぱ,パンダ,2239,○,○,ぱんだ,○,,,,51,1
19,7,GPT-1,パンダ,だ,だるま,1803,○,○,だるま,○,,,,51,1
19,8,GPT-2,だるま,ま,マグロ,1810,○,○,まぐろ,○,,,,51,1
19,9,GPT-1,マグロ,ろ,ろうそく,1680,○,○,ろうそく,○,,,,51,1
19,10,GPT-2,ろうそく,く,くろ,6505,○,○,くろ,○,,,,51,1
19,11,GPT-1,くろ,ろ,ろば,1819,○,○,ろば,○,,,,51,1
19,12,GPT-2,ろば,ば,バス,9620,○,○,ばす,○,,,,51,1
19,13,GPT-1,バス,す,すずめ,2262,○,○,すずめ,○,,,,51,1
19,14,GPT-2,すずめ,め,めだか,1643,○,○,めだか,○,,,,51,1
19,15,GPT-1,めだか,か,かめ,2753,○,○,かめ,○,,,,51,1
19,16,GPT-2,かめ,め,めがね,2098,○,○,めがね,○,,,,51,1
19,17,GPT-1,めがね,ね,ねこ,1386,○,○,ねこ,○,,,,51,1
19,18,GPT-2,ねこ,こ,コップ,2023,○,○,こっぷ,○,,,,51,1
19,19,GPT-1,コップ,ぷ,プール,1566,○,○,ぷーる,○,,,,51,1
19,20,GPT-2,プール,る,るす,1722,○,○,るす,○,,,,51,1
19,21,GPT-1,るす,す,すみれ,4155,○,○,すみれ,○,,,,51,1
19,22,GPT-2,すみれ,れ,歴史,2585,○,○,れきし,○,,,,51,1
19,23,GPT-1,歴史,し,新聞紙,10864,×,×,,×,辞書外,GPT-2,GPT-1,51,1
20,1,GPT-1,しりとり,り,りんご,1956,○,○,りんご,○,,,,51,1
20,2,GPT-2,りんご,ご,ごま,2586,○,○,ごま,○,,,,51,1
20,3,GPT-1,ごま,ま,まくら,1611,○,○,まくら,○,,,,51,1
20,4,GPT-2,まくら,ら,ラベル,4403,○,○,らべる,○,,,,51,1
20,5,GPT-1,ラベル,る,留守,2980,○,○,るす,○,,,,51,1
20,6,GPT-2,留守,す,すいか,1435,○,○,すいか,○,,,,51,1
20,7,GPT-1,すいか,か,かるた,2770,○,○,かるた,○,,,,51,1
20,8,GPT-2,かるた,た,たび,11817,○,○,たび,○,,,,51,1
20,9,GPT-1,たび,び,びわ,2713,○,○,びわ,○,,,,51,1
20,10,GPT-2,びわ,わ,ワープ,8180,○,○,わーぷ,○,,,,51,1
20,11,GPT-1,ワープ,ぷ,プール,1904,○,○,ぷーる,○,,,,51,1
20,12,GPT-2,プール,る,瑠璃,3012,○,○,るり,○,,,,51,1
20,13,GPT-1,瑠璃,り,理科,1986,○,○,りか,○,,,,51,1
20,14,GPT-2,理科,か,かき,3083,○,○,かき,○,,,,51,1
20,15,GPT-1,かき,き,きつね,4554,○,○,きつね,○,,,,51,1
20,16,GPT-2,きつね,ね,ねこ,2057,○,○,ねこ,○,,,,51,1
20,17,GPT-1,ねこ,こ,コップ,6323,○,○,こっぷ,○,,,,51,1
20,18,GPT-2,コップ,ぷ,プラグ,2329,○,○,ぷらぐ,○,,,,51,1
20,19,GPT-1,プラグ,ぐ,ぐみ,2767,○,○,ぐみ,○,,,,51,1
20,20,GPT-2,ぐみ,み,水,3686,○,○,みず,○,,,,51,1
20,21,GPT-1,水,ず,図形,3004,○,○,ずけい,○,,,,51,1
20,22,GPT-2,図形,い,いか,2555,○,○,いか,○,,,,51,1
20,23,GPT-1,いか,か,かさ,1274,○,○,かさ,○,,,,51,1
20,24,GPT-2,かさ,さ,さじ,5190,○,○,さじ,○,,,,51,1
20,25,GPT-1,さじ,じ,辞書,1966,○,○,じしょ,○,,,,51,1
20,26,GPT-2,辞書,よ,ヨット,2649,○,○,よっと,○,,,,51,1
20,27,GPT-1,ヨット,と,時計,1750,○,○,とけい,○,,,,51,1
20,28,GPT-2,時計,い,犬,3604,○,○,いぬ,○,,,,51,1
20,29,GPT-1,犬,ぬ,ぬの,1854,○,○,ぬの,○,,,,51,1
20,30,GPT-2,ぬの,の,のり,2196,○,○,のり,○,,,,51,1
20,31,GPT-1,のり,り,リス,2047,○,○,りす,○,,,,51,1
20,32,GPT-2,リス,す,すずめ,3164,○,○,すずめ,○,,,,51,1
20,33,GPT-1,すずめ,め,めだか,2118,○,○,めだか,○,,,,51,1
20,34,GPT-2,めだか,か,かぶと,2083,○,○,かぶと,○,,,,51,1
20,35,GPT-1,かぶと,と,トマト,2144,○,○,とまと,○,,,,51,1
20,36,GPT-2,トマト,と,とんぼ,3106,○,○,とんぼ,○,,,,51,1
20,37,GPT-1,とんぼ,ぼ,帽子,2194,○,○,ぼうし,○,,,,51,1
20,38,GPT-2,帽子,し,しめじ,7049,○,○,しめじ,○,,,,51,1
20,39,GPT-1,しめじ,じ,磁石,4556,○,○,じしゃく,○,,,,51,1
20,40,GPT-2,磁石,く,くず,5883,○,○,くず,○,,,,51,1
20,41,GPT-1,くず,ず,髄,3343,○,○,ずい,○,,,,51,1
20,42,GPT-2,髄,い,いす,2485,○,○,いす,○,,,,51,1
20,43,GPT-1,いす,す,すず,3618,○,○,すず,○,,,,51,1
20,44,GPT-2,すず,ず,図工,2668,○,○,ずこう,○,,,,51,1
20,45,GPT-1,図工,う,うさぎ,2015,○,○,うさぎ,○,,,,51,1
20,46,GPT-2,うさぎ,ぎ,銀河,2591,○,○,ぎんが,○,,,,51,1
20,47,GPT-1,銀河,が,楽器,2300,○,○,がっき,○,,,,51,1
20,48,GPT-2,楽器,き,きくらげ,3523,○,○,きくらげ,○,,,,51,1
20,49,GPT-1,きくらげ,げ,ゲーム,2391,○,○,げーむ,○,,,,51,1
20,50,GPT-2,ゲーム,む,麦,4469,○,○,むぎ,○,,,,51,1
20,51,GPT-1,麦,ぎ,ギター,2539,○,○,ぎたー,○,,,,51,1
20,52,GPT-2,ギター,あ,朝,1941,○,○,あさ,○,,,,51,1
20,53,GPT-1,朝,さ,財布,6591,○,○,さいふ,○,,,,51,1
20,54,GPT-2,財布,ふ,ふくろ,3542,○,○,ふくろ,○,,,,51,1
20,55,GPT-1,ふくろ,ろ,ろうそく,2703,○,○,ろうそく,○,,,,51,1
20,56,GPT-2,ろうそく,く,クエ,7373,○,○,くえ,○,,,,51,1
20,57,GPT-1,クエ,え,絵,1787,○,○,え,○,,,,51,1
20,58,GPT-2,絵,え,枝,2367,○,○,え,○,,,,51,1
20,59,GPT-1,枝,え,鉛筆,2292,○,○,えんぴつ,○,,,,51,1
20,60,GPT-2,鉛筆,つ,つみき,2575,○,×,,×,辞書外,GPT-1,GPT-2,51,1
21,1,GPT-1,しりとり,り,リンゴ,2028,○,○,りんご,○,,,,51,1
21,2,GPT-2,リンゴ,ご,ごま,1614,○,○,ごま,○,,,,51,1
21,3,GPT-1,ごま,ま,まくら,2331,○,○,まくら,○,,,,51,1
21,4,GPT-2,まくら,ら,ラッパ,1943,○,○,らっぱ,○,,,,51,1
21,5,GPT-1,ラッパ,ぱ,パンダ,2287,○,○,ぱんだ,○,,,,51,1
21,6,GPT-2,パンダ,だ,大学,2046,○,○,だいがく,○,,,,51,1
21,7,GPT-1,大学,く,車,1979,○,○,くるま,○,,,,51,1
21,8,GPT-2,車,ま,まめ,2853,○,○,まめ,○,,,,51,1
21,9,GPT-1,まめ,め,めがね,3022,○,○,めがね,○,,,,51,1
21,10,GPT-2,めがね,ね,猫,1373,○,○,ねこ,○,,,,51,1
21,11,GPT-1,猫,こ,こたつ,3034,○,○,こたつ,○,,,,51,1
21,12,GPT-2,こたつ,つ,つつ,8602,○,○,つつ,○,,,,51,1
21,13,GPT-1,つつ,つ,つみき,1680,○,×,,×,辞書外,GPT-2,GPT-1,51,1
22,1,GPT-1,しりとり,り,りんご,1787,○,○,りんご,○,,,,51,1
22,2,GPT-2,りんご,ご,ごま,1886,○,○,ごま,○,,,,51,1
22,3,GPT-1,ごま,ま,まくら,2210,○,○,まくら,○,,,,51,1
22,4,GPT-2,まくら,ら,ラジオ,2298,○,○,らじお,○,,,,51,1
22,5,GPT-1,ラジオ,お,おにぎり,1917,○,○,おにぎり,○,,,,51,1
22,6,GPT-2,おにぎり,り,りす,2003,○,○,りす,○,,,,51,1
22,7,GPT-1,りす,す,スイカ,2701,○,○,すいか,○,,,,51,1
22,8,GPT-2,スイカ,か,かぼちゃ,4725,○,○,かぼちゃ,○,,,,51,1
22,9,GPT-1,かぼちゃ,や,野菜,2318,○,○,やさい,○,,,,51,1
22,10,GPT-2,野菜,い,石,2658,○,○,いし,○,,,,51,1
22,11,GPT-1,石,し,雫,4304,○,○,しずく,○,,,,51,1
22,12,GPT-2,雫,く,靴,6134,○,○,くつ,○,,,,51,1
22,13,GPT-1,靴,つ,机,2255,○,○,つくえ,○,,,,51,1
22,14,GPT-2,机,え,駅,5450,○,○,えき,○,,,,51,1
22,15,GPT-1,駅,き,きのこ,3087,○,○,きのこ,○,,,,51,1
22,16,GPT-2,きのこ,こ,こぶ,4945,○,○,こぶ,○,,,,51,1
22,17,GPT-1,こぶ,ぶ,ぶた,2709,○,○,ぶた,○,,,,51,1
22,18,GPT-2,ぶた,た,たぬき,1969,○,○,たぬき,○,,,,51,1
22,19,GPT-1,たぬき,き,きつね,2673,○,○,きつね,○,,,,51,1
22,20,GPT-2,きつね,ね,ねこ,2047,○,○,ねこ,○,,,,51,1
22,21,GPT-1,ねこ,こ,こま,2369,○,○,こま,○,,,,51,1
22,22,GPT-2,こま,ま,まぐろ,2775,○,○,まぐろ,○,,,,51,1
22,23,GPT-1,まぐろ,ろ,ろうそく,1142,○,○,ろうそく,○,,,,51,1
22,24,GPT-2,ろうそく,く,くじら,4196,○,○,くじら,○,,,,51,1
22,25,GPT-1,くじら,ら,ラッパ,1878,○,○,らっぱ,○,,,,51,1
22,26,GPT-2,ラッパ,ぱ,パンダ,1923,○,○,ぱんだ,○,,,,51,1
22,27,GPT-1,パンダ,だ,ダイヤ,9692,○,○,だいや,○,,,,51,1
22,28,GPT-2,ダイヤ,や,山,1970,○,○,やま,○,,,,51,1
22,29,GPT-1,山,ま,祭り,1956,○,○,まつり,○,,,,51,1
22,30,GPT-2,祭り,り,理科,3348,○,○,りか,○,,,,51,1
22,31,GPT-1,理科,か,傘,2416,○,○,かさ,○,,,,51,1
22,32,GPT-2,傘,さ,桜,14179,○,○,さくら,○,,,,51,1
22,33,GPT-1,桜,ら,ラベル,4085,○,○,らべる,○,,,,51,1
22,34,GPT-2,ラベル,る,留守,1866,○,○,るす,○,,,,51,1
22,35,GPT-1,留守,す,すずめ,1858,○,○,すずめ,○,,,,51,1
22,36,GPT-2,すずめ,め,めだか,3728,○,○,めだか,○,,,,51,1
22,37,GPT-1,めだか,か,かえる,5738,○,○,かえる,○,,,,51,1
22,38,GPT-2,かえる,る,ルビー,1960,○,○,るびー,○,,,,51,1
22,39,GPT-1,ルビー,い,イカ,2168,○,○,いか,○,,,,51,1
22,40,GPT-2,イカ,か,かもめ,2030,○,○,かもめ,○,,,,51,1
22,41,GPT-1,かもめ,め,めじろ,2192,○,○,めじろ,○,,,,51,1
22,42,GPT-2,めじろ,ろ,ロープ,2678,○,○,ろーぷ,○,,,,51,1
22,43,GPT-1,ロープ,ぷ,プール,2565,○,○,ぷーる,○,,,,51,1
22,44,GPT-2,プール,る,瑠璃,2045,○,○,るり,○,,,,51,1
22,45,GPT-1,瑠璃,り,陸地,3212,○,○,りくち,○,,,,51,1
22,46,GPT-2,陸地,ち,地図,4738,○,○,ちず,○,,,,51,1
22,47,GPT-1,地図,ず,図工,1852,○,○,ずこう,○,,,,51,1
22,48,GPT-2,図工,う,うさぎ,2774,○,○,うさぎ,○,,,,51,1
22,49,GPT-1,うさぎ,ぎ,銀河,3041,○,○,ぎんが,○,,,,51,1
22,50,GPT-2,銀河,が,学校,2357,○,○,がっこう,○,,,,51,1
22,51,GPT-1,学校,う,海,1578,○,○,うみ,○,,,,51,1
22,52,GPT-2,海,み,水,2357,○,○,みず,○,,,,51,1
22,53,GPT-1,水,ず,ズッキーニ,2683,○,○,ずっきーに,○,,,,51,1
22,54,GPT-2,ズッキーニ,に,肉,2651,○,○,にく,○,,,,51,1
22,55,GPT-1,肉,く,雲,2342,○,○,くも,○,,,,51,1
22,56,GPT-2,雲,も,もみじ,1897,○,○,もみじ,○,,,,51,1
22,57,GPT-1,もみじ,じ,ジャズ,7108,○,○,じゃず,○,,,,51,1
22,58,GPT-2,ジャズ,ず,ずんだ,2978,○,○,ずんだ,○,,,,51,1
22,59,GPT-1,ずんだ,だ,台所,1988,○,○,だいどころ,○,,,,51,1
22,60,GPT-2,台所,ろ,ロケット,2164,○,○,ろけっと,○,,,,51,1
22,61,GPT-1,ロケット,と,時計,1886,○,○,とけい,○,,,,51,1
22,62,GPT-2,時計,い,椅子,2404,○,○,いす,○,,,,51,1
22,63,GPT-1,椅子,す,すみれ,2113,○,○,すみれ,○,,,,51,1
22,64,GPT-2,すみれ,れ,列車,1779,○,○,れっしゃ,○,,,,51,1
22,65,GPT-1,列車,や,野球,2184,○,○,やきゅう,○,,,,51,1
22,66,GPT-2,野球,う,うちわ,2360,○,○,うちわ,○,,,,51,1
22,67,GPT-1,うちわ,わ,わらび,5381,○,○,わらび,○,,,,51,1
22,68,GPT-2,わらび,び,びわ,1911,○,○,びわ,○,,,,51,1
22,69,GPT-1,びわ,わ,わさび,2296,○,○,わさび,○,,,,51,1
22,70,GPT-2,わさび,び,ビール,1442,○,○,びーる,○,,,,51,1
22,71,GPT-1,ビール,る,ルーペ,2223,○,○,るーぺ,○,,,,51,1
22,72,GPT-2,ルーペ,ぺ,ペット,2375,○,○,ぺっと,○,,,,51,1
22,73,GPT-1,ペット,と,トマト,1602,○,○,とまと,○,,,,51,1
22,74,GPT-2,トマト,と,トランプ,8664,○,○,とらんぷ,○,,,,51,1
22,75,GPT-1,トランプ,ぷ,プラネタリウム,2825,○,○,ぷらねたりうむ,○,,,,51,1
22,76,GPT-2,プラネタリウム,む,虫,2089,○,○,むし,○,,,,51,1
22,77,GPT-1,虫,し,鹿,1759,○,○,しか,○,,,,51,1
22,78,GPT-2,鹿,か,カメラ,1598,○,○,かめら,○,,,,51,1
22,79,GPT-1,カメラ,ら,らくだ,1975,○,○,らくだ,○,,,,51,1
22,80,GPT-2,らくだ,だ,台,2600,○,○,だい,○,,,,51,1
22,81,GPT-1,台,い,犬,4826,○,○,いぬ,○,,,,51,1
22,82,GPT-2,犬,ぬ,沼,1910,○,○,ぬま,○,,,,51,1
22,83,GPT-1,沼,ま,マント,2680,○,○,まんと,○,,,,51,1
22,84,GPT-2,マント,と,豆腐,2404,○,○,とうふ,○,,,,51,1
22,85,GPT-1,豆腐,ふ,船,2041,○,○,ふな,○,,,,51,1
22,86,GPT-2,船,な,なす,3148,○,○,なす,○,,,,51,1
22,87,GPT-1,なす,す,鈴,5043,○,○,すず,○,,,,51,1
22,88,GPT-2,鈴,ず,頭痛,2726,○,○,ずつう,○,,,,51,1
22,89,GPT-1,頭痛,う,牛,3005,○,○,うし,○,,,,51,1
22,90,GPT-2,牛,し,しお,2613,○,○,しお,○,,,,51,1
22,91,GPT-1,しお,お,おかゆ,2096,○,×,,×,辞書外,GPT-2,GPT-1,51,1
23,1,GPT-1,しりとり,り,りんご,1995,○,○,りんご,○,,,,51,1
23,2,GPT-2,りんご,ご,ごま,2091,○,○,ごま,○,,,,51,1
23,3,GPT-1,ごま,ま,まくら,1338,○,○,まくら,○,,,,51,1
23,4,GPT-2,まくら,ら,ラジオ,4211,○,○,らじお,○,,,,51,1
23,5,GPT-1,ラジオ,お,おにぎり,3700,○,○,おにぎり,○,,,,51,1
23,6,GPT-2,おにぎり,り,リス,1798,○,○,りす,○,,,,51,1
23,7,GPT-1,リス,す,スイカ,2768,○,○,すいか,○,,,,51,1
23,8,GPT-2,スイカ,か,牡蠣,1955,○,○,かき,○,,,,51,1
23,9,GPT-1,牡蠣,き,きのこ,2043,○,○,きのこ,○,,,,51,1
23,10,GPT-2,きのこ,こ,こたつ,1672,○,○,こたつ,○,,,,51,1
23,11,GPT-1,こたつ,つ,つくえ,1787,○,○,つくえ,○,,,,51,1
23,12,GPT-2,つくえ,え,えくぼ,4138,○,○,えくぼ,○,,,,51,1
23,13,GPT-1,えくぼ,ぼ,ぼうし,7370,○,○,ぼうし,○,,,,51,1
23,14,GPT-2,ぼうし,し,しめじ,6446,○,○,しめじ,○,,,,51,1
23,15,GPT-1,しめじ,じ,定規,6474,○,○,じょうぎ,○,,,,51,1
23,16,GPT-2,定規,ぎ,銀行,1581,○,○,ぎんこう,○,,,,51,1
23,17,GPT-1,銀行,う,うさぎ,1301,○,○,うさぎ,○,,,,51,1
23,18,GPT-2,うさぎ,ぎ,ギター,2348,○,○,ぎたー,○,,,,51,1
23,19,GPT-1,ギター,あ,朝顔,2500,○,○,あさがお,○,,,,51,1
23,20,GPT-2,朝顔,お,オウム,4562,○,○,おうむ,○,,,,51,1
23,21,GPT-1,オウム,む,むつ,7706,○,○,むつ,○,,,,51,1
23,22,GPT-2,むつ,つ,つみき,2123,○,×,,×,辞書外,GPT-1,GPT-2,51,1
24,1,GPT-1,しりとり,り,リンゴ,1899,○,○,りんご,○,,,,51,1
24,2,GPT-2,リンゴ,ご,ごま,2265,○,○,ごま,○,,,,51,1
24,3,GPT-1,ごま,ま,まくら,1634,○,○,まくら,○,,,,51,1
24,4,GPT-2,まくら,ら,ラッパ,2010,○,○,らっぱ,○,,,,51,1
24,5,GPT-1,ラッパ,ぱ,パンダ,2620,○,○,ぱんだ,○,,,,51,1
24,6,GPT-2,パンダ,だ,だるま,1864,○,○,だるま,○,,,,51,1
24,7,GPT-1,だるま,ま,まつ,4512,○,○,まつ,○,,,,51,1
24,8,GPT-2,まつ,つ,つくえ,1788,○,○,つくえ,○,,,,51,1
24,9,GPT-1,つくえ,え,絵,2030,○,○,え,○,,,,51,1
24,10,GPT-2,絵,え,えくぼ,13721,○,○,えくぼ,○,,,,51,1
24,11,GPT-1,えくぼ,ぼ,帽子,1920,○,○,ぼうし,○,,,,51,1
24,12,GPT-2,帽子,し,鹿,4398,○,○,しか,○,,,,51,1
24,13,GPT-1,鹿,か,鍵,5273,○,○,かぎ,○,,,,51,1
24,14,GPT-2,鍵,ぎ,銀河,3136,○,○,ぎんが,○,,,,51,1
24,15,GPT-1,銀河,が,額縁,2473,○,○,がくぶち,○,,,,51,1
24,16,GPT-2,額縁,ち,地図,3584,○,○,ちず,○,,,,51,1
24,17,GPT-1,地図,ず,図形,11020,○,○,ずけい,○,,,,51,1
24,18,GPT-2,図形,い,椅子,1518,○,○,いす,○,,,,51,1
24,19,GPT-1,椅子,す,スープ,3538,○,○,すーぷ,○,,,,51,1
24,20,GPT-2,スープ,ぷ,プール,1602,○,○,ぷーる,○,,,,51,1
24,21,GPT-1,プール,る,留守,1669,○,○,るす,○,,,,51,1
24,22,GPT-2,留守,す,スイカ,1947,○,○,すいか,○,,,,51,1
24,23,GPT-1,スイカ,か,傘,1797,○,○,かさ,○,,,,51,1
24,24,GPT-2,傘,さ,魚,4563,○,○,さかな,○,,,,51,1
24,25,GPT-1,魚,な,なす,1477,○,○,なす,○,,,,51,1
24,26,GPT-2,なす,す,すずめ,4860,○,○,すずめ,○,,,,51,1
24,27,GPT-1,すずめ,め,めがね,1633,○,○,めがね,○,,,,51,1
24,28,GPT-2,めがね,ね,ねこ,1706,○,○,ねこ,○,,,,51,1
24,29,GPT-1,ねこ,こ,こま,1999,○,○,こま,○,,,,51,1
24,30,GPT-2,こま,ま,まぐろ,2484,○,○,まぐろ,○,,,,51,1
24,31,GPT-1,まぐろ,ろ,ろうそく,1715,○,○,ろうそく,○,,,,51,1
24,32,GPT-2,ろうそく,く,くじ,5466,○,○,くじ,○,,,,51,1
24,33,GPT-1,くじ,じ,定規,8027,○,○,じょうぎ,○,,,,51,1
24,34,GPT-2,定規,ぎ,銀貨,1885,○,○,ぎんか,○,,,,51,1
24,35,GPT-1,銀貨,か,カメラ,2050,○,○,かめら,○,,,,51,1
24,36,GPT-2,カメラ,ら,ラジオ,1837,○,○,らじお,○,,,,51,1
24,37,GPT-1,ラジオ,お,おにぎり,1959,○,○,おにぎり,○,,,,51,1
24,38,GPT-2,おにぎり,り,リス,1649,○,○,りす,○,,,,51,1
24,39,GPT-1,リス,す,すずり,2290,○,○,すずり,○,,,,51,1
24,40,GPT-2,すずり,り,理想,2852,○,○,りそう,○,,,,51,1
24,41,GPT-1,理想,う,うさぎ,2372,○,○,うさぎ,○,,,,51,1
24,42,GPT-2,うさぎ,ぎ,餃子,6681,○,○,ぎょーざ,○,,,,51,1
24,43,GPT-1,餃子,ざ,雑誌,1809,○,○,ざっし,○,,,,51,1
24,44,GPT-2,雑誌,し,塩,1681,○,○,しお,○,,,,51,1
24,45,GPT-1,塩,お,おひつ,6302,○,×,,×,辞書外,GPT-2,GPT-1,51,1
25,1,GPT-1,しりとり,り,りんご,1577,○,○,りんご,○,,,,51,1
25,2,GPT-2,りんご,ご,ごま,2022,○,○,ごま,○,,,,51,1
25,3,GPT-1,ごま,ま,まくら,1534,○,○,まくら,○,,,,51,1
25,4,GPT-2,まくら,ら,ラッパ,1837,○,○,らっぱ,○,,,,51,1
25,5,GPT-1,ラッパ,ぱ,パンダ,1980,○,○,ぱんだ,○,,,,51,1
25,6,GPT-2,パンダ,だ,だるま,1959,○,○,だるま,○,,,,51,1
25,7,GPT-1,だるま,ま,まつり,2186,○,○,まつり,○,,,,51,1
25,8,GPT-2,まつり,り,リス,1649,○,○,りす,○,,,,51,1
25,9,GPT-1,リス,す,スイカ,1233,○,○,すいか,○,,,,51,1
25,10,GPT-2,スイカ,か,かさ,2239,○,○,かさ,○,,,,51,1
25,11,GPT-1,かさ,さ,さくら,5337,○,○,さくら,○,,,,51,1
25,12,GPT-2,さくら,ら,ラジオ,3325,○,○,らじお,○,,,,51,1
25,13,GPT-1,ラジオ,お,おもち,3428,○,×,,×,辞書外,GPT-2,GPT-1,51,1
26,1,GPT-1,しりとり,り,りんご,1887,○,○,りんご,○,,,,51,1
26,2,GPT-2,りんご,ご,ごま,1881,○,○,ごま,○,,,,51,1
26,3,GPT-1,ごま,ま,まつ,3228,○,○,まつ,○,,,,51,1
26,4,GPT-2,まつ,つ,つくえ,1540,○,○,つくえ,○,,,,51,1
26,5,GPT-1,つくえ,え,鉛筆,1518,○,○,えんぴつ,○,,,,51,1
26,6,GPT-2,鉛筆,つ,つみき,1591,○,×,,×,辞書外,GPT-1,GPT-2,51,1
27,1,GPT-1,しりとり,り,りんご,1749,○,○,りんご,○,,,,51,1
27,2,GPT-2,りんご,ご,ごま,1944,○,○,ごま,○,,,,51,1
27,3,GPT-1,ごま,ま,まくら,1430,○,○,まくら,○,,,,51,1
27,4,GPT-2,まくら,ら,ラジオ,2767,○,○,らじお,○,,,,51,1
27,5,GPT-1,ラジオ,お,おく,7678,○,○,おく,○,,,,51,1
27,6,GPT-2,おく,く,くも,1814,○,○,くも,○,,,,51,1
27,7,GPT-1,くも,も,もり,2056,○,○,もり,○,,,,51,1
27,8,GPT-2,もり,り,りす,1956,○,○,りす,○,,,,51,1
27,9,GPT-1,りす,す,すいか,2164,○,○,すいか,○,,,,51,1
27,10,GPT-2,すいか,か,かき,2620,○,○,かき,○,,,,51,1
27,11,GPT-1,かき,き,きず,6431,○,○,きず,○,,,,51,1
27,12,GPT-2,きず,ず,図工,1456,○,○,ずこう,○,,,,51,1
27,13,GPT-1,図工,う,海,1871,○,○,うみ,○,,,,51,1
27,14,GPT-2,海,み,水,2249,○,○,みず,○,,,,51,1
27,15,GPT-1,水,ず,頭痛,2815,○,○,ずつう,○,,,,51,1
27,16,GPT-2,頭痛,う,宇宙,2110,○,○,うちゅう,○,,,,51,1
27,17,GPT-1,宇宙,う,うさぎ,1632,○,○,うさぎ,○,,,,51,1
27,18,GPT-2,うさぎ,ぎ,銀行,2460,○,○,ぎんこう,○,,,,51,1
27,19,GPT-1,銀行,う,うきわ,1960,○,○,うきわ,○,,,,51,1
27,20,GPT-2,うきわ,わ,わさび,3857,○,○,わさび,○,,,,51,1
27,21,GPT-1,わさび,び,ビール,2948,○,○,びーる,○,,,,51,1
27,22,GPT-2,ビール,る,ルビー,1639,○,○,るびー,○,,,,51,1
27,23,GPT-1,ルビー,い,椅子,2166,○,○,いす,○,,,,51,1
27,24,GPT-2,椅子,す,すず,4307,○,○,すず,○,,,,51,1
27,25,GPT-1,すず,ず,随筆,2054,○,○,ずいひつ,○,,,,51,1
27,26,GPT-2,随筆,つ,机,1321,○,○,つくえ,○,,,,51,1
27,27,GPT-1,机,え,絵,1953,○,○,え,○,,,,51,1
27,28,GPT-2,絵,え,鉛筆,1831,○,○,えんぴつ,○,,,,51,1
27,29,GPT-1,鉛筆,つ,椿,5350,○,○,つばき,○,,,,51,1
27,30,GPT-2,椿,き,きつね,2295,○,○,きつね,○,,,,51,1
27,31,GPT-1,きつね,ね,猫,2148,○,○,ねこ,○,,,,51,1
27,32,GPT-2,猫,こ,こま,1547,○,○,こま,○,,,,51,1
27,33,GPT-1,こま,ま,まゆ,6204,○,○,まゆ,○,,,,51,1
27,34,GPT-2,まゆ,ゆ,雪,2047,○,○,ゆき,○,,,,51,1
27,35,GPT-1,雪,き,きのこ,1900,○,○,きのこ,○,,,,51,1
27,36,GPT-2,きのこ,こ,こいぬ,8462,○,○,こいぬ,○,,,,51,1
27,37,GPT-1,こいぬ,ぬ,布,2054,○,○,ぬの,○,,,,51,1
27,38,GPT-2,布,の,ノート,3657,○,○,のーと,○,,,,51,1
27,39,GPT-1,ノート,と,時計,1608,○,○,とけい,○,,,,51,1
27,40,GPT-2,時計,い,犬,3734,○,○,いぬ,○,,,,51,1
27,41,GPT-1,犬,ぬ,沼,1283,○,○,ぬま,○,,,,51,1
27,42,GPT-2,沼,ま,まめ,4379,○,○,まめ,○,,,,51,1
27,43,GPT-1,まめ,め,めだか,9559,○,○,めだか,○,,,,51,1
27,44,GPT-2,めだか,か,かさ,3563,○,○,かさ,○,,,,51,1
27,45,GPT-1,かさ,さ,猿,2786,○,○,さる,○,,,,51,1
27,46,GPT-2,猿,る,留守,3507,○,○,るす,○,,,,51,1
27,47,GPT-1,留守,す,スイッチ,2127,○,○,すいっち,○,,,,51,1
27,48,GPT-2,スイッチ,ち,地図,2644,○,○,ちず,○,,,,51,1
27,49,GPT-1,地図,ず,図形,2756,○,○,ずけい,○,,,,51,1
27,50,GPT-2,図形,い,石,2523,○,○,いし,○,,,,51,1
27,51,GPT-1,石,し,しめじ,6691,○,○,しめじ,○,,,,51,1
27,52,GPT-2,しめじ,じ,辞書,2359,○,○,じしょ,○,,,,51,1
27,53,GPT-1,辞書,よ,ヨット,3408,○,○,よっと,○,,,,51,1
27,54,GPT-2,ヨット,と,トカゲ,5981,○,○,とかげ,○,,,,51,1
27,55,GPT-1,トカゲ,げ,下駄,1920,○,○,げた,○,,,,51,1
27,56,GPT-2,下駄,た,たまご,1962,○,○,たまご,○,,,,51,1
27,57,GPT-1,たまご,ご,ごぼう,2385,○,○,ごぼう,○,,,,51,1
27,58,GPT-2,ごぼう,う,うぐいす,2859,○,○,うぐいす,○,,,,51,1
27,59,GPT-1,うぐいす,す,すもう,5850,○,○,すもう,○,,,,51,1
27,60,GPT-2,すもう,う,海,2091,○,○,うみ,×,既出単語,GPT-1,GPT-2,51,1
28,1,GPT-1,しりとり,り,りんご,3119,○,○,りんご,○,,,,51,1
28,2,GPT-2,りんご,ご,ごま,1636,○,○,ごま,○,,,,51,1
28,3,GPT-1,ごま,ま,まくら,1709,○,○,まくら,○,,,,51,1
28,4,GPT-2,まくら,ら,ラジオ,1667,○,○,らじお,○,,,,51,1
28,5,GPT-1,ラジオ,お,おにぎり,2339,○,○,おにぎり,○,,,,51,1
28,6,GPT-2,おにぎり,り,りす,2677,○,○,りす,○,,,,51,1
28,7,GPT-1,りす,す,すいか,1631,○,○,すいか,○,,,,51,1
28,8,GPT-2,すいか,か,カメラ,3578,○,○,かめら,○,,,,51,1
28,9,GPT-1,カメラ,ら,ラッパ,1823,○,○,らっぱ,○,,,,51,1
28,10,GPT-2,ラッパ,ぱ,パンダ,1849,○,○,ぱんだ,○,,,,51,1
28,11,GPT-1,パンダ,だ,大学,1911,○,○,だいがく,○,,,,51,1
28,12,GPT-2,大学,く,クジラ,1826,○,○,くじら,○,,,,51,1
28,13,GPT-1,クジラ,ら,ラクダ,2054,○,○,らくだ,○,,,,51,1
28,14,GPT-2,ラクダ,だ,だるま,1559,○,○,だるま,○,,,,51,1
28,15,GPT-1,だるま,ま,マグロ,3624,○,○,まぐろ,○,,,,51,1
28,16,GPT-2,マグロ,ろ,ろうそく,1639,○,○,ろうそく,○,,,,51,1
28,17,GPT-1,ろうそく,く,釘,5211,○,○,くぎ,○,,,,51,1
28,18,GPT-2,釘,ぎ,銀河,2891,○,○,ぎんが,○,,,,51,1
28,19,GPT-1,銀河,が,ガラス,1839,○,○,がらす,○,,,,51,1
28,20,GPT-2,ガラス,す,すずめ,2339,○,○,すずめ,○,,,,51,1
28,21,GPT-1,すずめ,め,めだか,1796,○,○,めだか,○,,,,51,1
28,22,GPT-2,めだか,か,鍵,4043,○,○,かぎ,○,,,,51,1
28,23,GPT-1,鍵,ぎ,義務,2355,○,○,ぎむ,○,,,,51,1
28,24,GPT-2,義務,む,虫,1327,○,○,むし,○,,,,51,1
28,25,GPT-1,虫,し,椎茸,3324,○,○,しいたけ,○,,,,51,1
28,26,GPT-2,椎茸,け,消しゴム,2394,×,×,,×,辞書外,GPT-1,GPT-2,51,1
29,1,GPT-1,しりとり,り,りんご,1903,○,○,りんご,○,,,,51,1
29,2,GPT-2,りんご,ご,ごま,1900,○,○,ごま,○,,,,51,1
29,3,GPT-1,ごま,ま,まくら,1624,○,○,まくら,○,,,,51,1
29,4,GPT-2,まくら,ら,ラッパ,1997,○,○,らっぱ,○,,,,51,1
29,5,GPT-1,ラッパ,ぱ,パンダ,2531,○,○,ぱんだ,○,,,,51,1
29,6,GPT-2,パンダ,だ,団子,1927,○,○,だんご,○,,,,51,1
29,7,GPT-1,団子,ご,ごぼう,2118,○,○,ごぼう,○,,,,51,1
29,8,GPT-2,ごぼう,う,うさぎ,2515,○,○,うさぎ,○,,,,51,1
29,9,GPT-1,うさぎ,ぎ,義足,5609,○,○,ぎそく,○,,,,51,1
29,10,GPT-2,義足,く,くじら,3430,○,○,くじら,○,,,,51,1
29,11,GPT-1,くじら,ら,ラジオ,3433,○,○,らじお,○,,,,51,1
29,12,GPT-2,ラジオ,お,おこぜ,6417,○,○,おこぜ,○,,,,51,1
29,13,GPT-1,おこぜ,ぜ,ゼリー,1772,○,○,ぜりー,○,,,,51,1
29,14,GPT-2,ゼリー,い,石,2149,○,○,いし,○,,,,51,1
29,15,GPT-1,石,し,獅子,7429,○,○,しし,○,,,,51,1
29,16,GPT-2,獅子,し,鹿,1375,○,○,しか,○,,,,51,1
29,17,GPT-1,鹿,か,カメラ,2626,○,○,かめら,○,,,,51,1
29,18,GPT-2,カメラ,ら,ラップ,5249,○,○,らっぷ,○,,,,51,1
29,19,GPT-1,ラップ,ぷ,プール,1947,○,○,ぷーる,○,,,,51,1
29,20,GPT-2,プール,る,ルビー,1884,○,○,るびー,○,,,,51,1
29,21,GPT-1,ルビー,い,犬,4669,○,○,いぬ,○,,,,51,1
29,22,GPT-2,犬,ぬ,布,1391,○,○,ぬの,○,,,,51,1
29,23,GPT-1,布,の,ノート,2077,○,○,のーと,○,,,,51,1
29,24,GPT-2,ノート,と,トマト,2590,○,○,とまと,○,,,,51,1
29,25,GPT-1,トマト,と,とげ,7718,○,○,とげ,○,,,,51,1
29,26,GPT-2,とげ,げ,げた,5375,○,○,げた,○,,,,51,1
29,27,GPT-1,げた,た,滝,4405,○,○,たき,○,,,,51,1
29,28,GPT-2,滝,き,木,9352,○,○,き,○,,,,51,1
29,29,GPT-1,木,き,きつね,2489,○,○,きつね,○,,,,51,1
29,30,GPT-2,きつね,ね,猫,1564,○,○,ねこ,○,,,,51,1
29,31,GPT-1,猫,こ,コップ,2328,○,○,こっぷ,○,,,,51,1
29,32,GPT-2,コップ,ぷ,プラグ,3109,○,○,ぷらぐ,○,,,,51,1
29,33,GPT-1,プラグ,ぐ,グミ,2351,○,○,ぐみ,○,,,,51,1
29,34,GPT-2,グミ,み,ミサイル,5172,○,○,みさいる,○,,,,51,1
29,35,GPT-1,ミサイル,る,留守,1996,○,○,るす,○,,,,51,1
29,36,GPT-2,留守,す,スイカ,2292,○,○,すいか,○,,,,51,1
29,37,GPT-1,スイカ,か,カラス,2978,○,○,からす,○,,,,51,1
29,38,GPT-2,カラス,す,すずめ,1938,○,○,すずめ,○,,,,51,1
29,39,GPT-1,すずめ,め,めだか,1772,○,○,めだか,○,,,,51,1
29,40,GPT-2,めだか,か,鍵,8100,○,○,かぎ,○,,,,51,1
29,41,GPT-1,鍵,ぎ,銀河,2112,○,○,ぎんが,○,,,,51,1
29,42,GPT-2,銀河,が,ガラス,2292,○,○,がらす,○,,,,51,1
29,43,GPT-1,ガラス,す,すみれ,4060,○,○,すみれ,○,,,,51,1
29,44,GPT-2,すみれ,れ,レンズ,7250,○,○,れんず,○,,,,51,1
29,45,GPT-1,レンズ,ず,頭脳,3272,○,○,ずのう,○,,,,51,1
29,46,GPT-2,頭脳,う,海,1894,○,○,うみ,○,,,,51,1
29,47,GPT-1,海,み,水,4172,○,○,みず,○,,,,51,1
29,48,GPT-2,水,ず,頭痛,3205,○,○,ずつう,○,,,,51,1
29,49,GPT-1,頭痛,う,うなぎ,6199,○,○,うなぎ,○,,,,51,1
29,50,GPT-2,うなぎ,ぎ,疑義,8135,○,○,ぎぎ,○,,,,51,1
29,51,GPT-1,疑義,ぎ,銀行,2626,○,○,ぎんこう,○,,,,51,1
29,52,GPT-2,銀行,う,渦,6748,○,○,うず,○,,,,51,1
29,53,GPT-1,渦,ず,図工,3589,○,○,ずこう,○,,,,51,1
29,54,GPT-2,図工,う,うちわ,2429,○,○,うちわ,○,,,,51,1
29,55,GPT-1,うちわ,わ,わさび,3463,○,○,わさび,○,,,,51,1
29,56,GPT-2,わさび,び,ビール,2245,○,○,びーる,○,,,,51,1
29,57,GPT-1,ビール,る,ルーム,2553,○,○,るーむ,○,,,,51,1
29,58,GPT-2,ルーム,む,虫,2208,○,○,むし,○,,,,51,1
29,59,GPT-1,虫,し,新聞紙,7821,×,×,,×,辞書外,GPT-2,GPT-1,51,1
30,1,GPT-1,しりとり,り,りす,2394,○,○,りす,○,,,,51,1
30,2,GPT-2,りす,す,スイカ,2024,○,○,すいか,○,,,,51,1
30,3,GPT-1,スイカ,か,鍵,5895,○,○,かぎ,○,,,,51,1
30,4,GPT-2,鍵,ぎ,ギター,2449,○,○,ぎたー,○,,,,51,1
30,5,GPT-1,ギター,あ,あくび,6483,○,○,あくび,○,,,,51,1
30,6,GPT-2,あくび,び,ビール,1693,○,○,びーる,○,,,,51,1
30,7,GPT-1,ビール,る,ルール,3860,○,○,るーる,○,,,,51,1
30,8,GPT-2,ルール,る,ルビー,2092,○,○,るびー,○,,,,51,1
30,9,GPT-1,ルビー,い,椅子,2799,○,○,いす,○,,,,51,1
30,10,GPT-2,椅子,す,スープ,5346,○,○,すーぷ,○,,,,51,1
30,11,GPT-1,スープ,ぷ,プール,1922,○,○,ぷーる,○,,,,51,1
30,12,GPT-2,プール,る,留守,2634,○,○,るす,○,,,,51,1
30,13,GPT-1,留守,す,鈴,5456,○,○,すず,○,,,,51,1
30,14,GPT-2,鈴,ず,図工,1570,○,○,ずこう,○,,,,51,1
30,15,GPT-1,図工,う,うさぎ,2108,○,○,うさぎ,○,,,,51,1
30,16,GPT-2,うさぎ,ぎ,銀河,1504,○,○,ぎんが,○,,,,51,1
30,17,GPT-1,銀河,が,学校,2099,○,○,がっこう,○,,,,51,1
30,18,GPT-2,学校,う,うろこ,8478,○,○,うろこ,○,,,,51,1
30,19,GPT-1,うろこ,こ,こたつ,7529,○,○,こたつ,○,,,,51,1
30,20,GPT-2,こたつ,つ,つくえ,2609,○,○,つくえ,○,,,,51,1
30,21,GPT-1,つくえ,え,えくぼ,6755,○,○,えくぼ,○,,,,51,1
30,22,GPT-2,えくぼ,ぼ,帽子,1882,○,○,ぼうし,○,,,,51,1
30,23,GPT-1,帽子,し,しめじ,5605,○,○,しめじ,○,,,,51,1
30,24,GPT-2,しめじ,じ,自転車,2616,×,×,,×,辞書外,GPT-1,GPT-2,51,1
